codigo,colonia,municipio,estato,estado,municipio
97000,Mérida Centro,Mérida,Yucatán,31,50
97000,Itzaes,Mérida,Yucatán,31,50
97000,Madrid,Mérida,Yucatán,31,50
97000,Villa Fontana,Mérida,Yucatán,31,50
97000,La Quinta,Mérida,Yucatán,31,50
97000,Los Cocos,Mérida,Yucatán,31,50
97000,Privada Del Maestro,Mérida,Yucatán,31,50
97000,Jardines de San Sebastian,Mérida,Yucatán,31,50
97003,Los Reyes,Mérida,Yucatán,31,50
97050,Alcalá Martín,Mérida,Yucatán,31,50
97050,Yucatán,Mérida,Yucatán,31,50
97059,Señorial,Mérida,Yucatán,31,50
97060,Carrillo Ancona,Mérida,Yucatán,31,50
97069,Inalámbrica,Mérida,Yucatán,31,50
97070,Dolores Patron,Mérida,Yucatán,31,50
97070,Garcia Gineres,Mérida,Yucatán,31,50
97070,El Pedregal,Mérida,Yucatán,31,50
97080,La Huerta,Mérida,Yucatán,31,50
97088,Santa Cecilia,Mérida,Yucatán,31,50
97089,Cupules,Mérida,Yucatán,31,50
97098,Lourdes,Mérida,Yucatán,31,50
97099,Waspa,Mérida,Yucatán,31,50
97100,Itzimna,Mérida,Yucatán,31,50
97100,Itzimna,Mérida,Yucatán,31,50
97100,Itzimna 2,Mérida,Yucatán,31,50
97100,Rinconada Itzmina,Mérida,Yucatán,31,50
97107,Manola,Mérida,Yucatán,31,50
97108,Las Arboledas,Mérida,Yucatán,31,50
97109,Ferrocarrileros,Mérida,Yucatán,31,50
97109,Jesús Carranza,Mérida,Yucatán,31,50
97110,Revolución (Cordemex),Mérida,Yucatán,31,50
97113,Montebello,Mérida,Yucatán,31,50
97113,San Antonio,Mérida,Yucatán,31,50
97113,Xaman-Tan,Mérida,Yucatán,31,50
97114,Monte Alban,Mérida,Yucatán,31,50
97114,Residencial Sol Campestre,Mérida,Yucatán,31,50
97115,Sodzil Norte,Mérida,Yucatán,31,50
97115,Montes de Ame,Mérida,Yucatán,31,50
97115,Gonzalo Guerrero,Mérida,Yucatán,31,50
97115,Residencial Montejo Norte,Mérida,Yucatán,31,50
97115,Ampliación Revolución,Mérida,Yucatán,31,50
97115,Residencial San Angelo,Mérida,Yucatán,31,50
97116,San Antonio Cucul,Mérida,Yucatán,31,50
97116,Privada San Antonio Cucul,Mérida,Yucatán,31,50
97117,San Ramon Norte,Mérida,Yucatán,31,50
97117,San Ramon Sur,Mérida,Yucatán,31,50
97117,San Ramon Norte I,Mérida,Yucatán,31,50
97117,Villareal,Mérida,Yucatán,31,50
97117,Xaman-Kab,Mérida,Yucatán,31,50
97118,Plan de Ayala,Mérida,Yucatán,31,50
97118,Villas Del Sol,Mérida,Yucatán,31,50
97118,Ampliación Plan de Ayala (Villas del Sol),Mérida,Yucatán,31,50
97119,Benito Juárez Nte,Mérida,Yucatán,31,50
97119,Villas La Hacienda,Mérida,Yucatán,31,50
97119,Gonzalo Guerrero,Mérida,Yucatán,31,50
97119,Villas del Rey,Mérida,Yucatán,31,50
97120,Campestre,Mérida,Yucatán,31,50
97120,Del Norte,Mérida,Yucatán,31,50
97120,Tecnológico,Mérida,Yucatán,31,50
97120,Ampliación del Norte (1a. Ampliación),Mérida,Yucatán,31,50
97125,México,Mérida,Yucatán,31,50
97125,Privada Nuevo México,Mérida,Yucatán,31,50
97127,Buenavista,Mérida,Yucatán,31,50
97127,Montejo,Mérida,Yucatán,31,50
97128,México Norte,Mérida,Yucatán,31,50
97128,Privada Mediterráneo,Mérida,Yucatán,31,50
97128,Residencial Colonia México,Mérida,Yucatán,31,50
97129,Emiliano Zapata Nte,Mérida,Yucatán,31,50
97130,Torremolinos,Mérida,Yucatán,31,50
97130,Diaz Ordaz,Mérida,Yucatán,31,50
97130,San Carlos,Mérida,Yucatán,31,50
97130,Vista Alegre,Mérida,Yucatán,31,50
97130,Residencial Palmerales de Altabrisa,Mérida,Yucatán,31,50
97130,Missan II,Mérida,Yucatán,31,50
97130,Residencial Altabrisa,Mérida,Yucatán,31,50
97130,Montecarlo,Mérida,Yucatán,31,50
97130,Vista Alegre,Mérida,Yucatán,31,50
97130,Vista Alegre Norte,Mérida,Yucatán,31,50
97130,Altabrisa,Mérida,Yucatán,31,50
97130,San Remo,Mérida,Yucatán,31,50
97130,Santa Rita Cholul,Mérida,Yucatán,31,50
97133,Montecristo,Mérida,Yucatán,31,50
97133,Montevideo,Mérida,Yucatán,31,50
97133,Residencial Camara de Comercio Norte,Mérida,Yucatán,31,50
97133,Monterreal,Mérida,Yucatán,31,50
97134,Maya,Mérida,Yucatán,31,50
97134,Paraíso Maya,Mérida,Yucatán,31,50
97134,Jose Maria Iturralde,Mérida,Yucatán,31,50
97135,Jardines de Mérida,Mérida,Yucatán,31,50
97136,Felipe Carrillo Puerto Nte,Mérida,Yucatán,31,50
97137,México Oriente,Mérida,Yucatán,31,50
97138,Jardines del Noreste,Mérida,Yucatán,31,50
97138,Los Álamos,Mérida,Yucatán,31,50
97138,Residencial Del Arco,Mérida,Yucatán,31,50
97138,La Florida,Mérida,Yucatán,31,50
97138,Los Pinos,Mérida,Yucatán,31,50
97138,Jardines Del Norte,Mérida,Yucatán,31,50
97138,Jardines de Vista Alegre,Mérida,Yucatán,31,50
97138,Residencial Bancarios,Mérida,Yucatán,31,50
97138,San Pedro Cholul,Mérida,Yucatán,31,50
97138,Santa Maria,Mérida,Yucatán,31,50
97138,El Arco,Mérida,Yucatán,31,50
97138,Jardines de Vista Alegre II,Mérida,Yucatán,31,50
97138,Vista Alegre Lotificacion,Mérida,Yucatán,31,50
97138,Pinos Norte II,Mérida,Yucatán,31,50
97139,Prado Norte,Mérida,Yucatán,31,50
97139,San Antonio Cinta,Mérida,Yucatán,31,50
97139,Jardines del Norte de Prado Norte,Mérida,Yucatán,31,50
97140,Lopez Mateos,Mérida,Yucatán,31,50
97140,San Luis,Mérida,Yucatán,31,50
97140,San Miguel,Mérida,Yucatán,31,50
97142,Unidad Habitacional CTM,Mérida,Yucatán,31,50
97142,Antonia Jimenez Trava,Mérida,Yucatán,31,50
97142,Antonia Jimenez Trava II,Mérida,Yucatán,31,50
97142,San Vicente Oriente (La Isla),Mérida,Yucatán,31,50
97143,Polígono 108,Mérida,Yucatán,31,50
97143,Vicente Guerrero,Mérida,Yucatán,31,50
97143,Boulevares de Oriente,Mérida,Yucatán,31,50
97143,Itzimna 108,Mérida,Yucatán,31,50
97143,Luis Donaldo Colosio,Mérida,Yucatán,31,50
97143,Leandro Valle,Mérida,Yucatán,31,50
97143,Brisas Del Bosque,Mérida,Yucatán,31,50
97144,Emiliano Zapata Ote,Mérida,Yucatán,31,50
97144,Las Brisas,Mérida,Yucatán,31,50
97144,Las Brisas Del Norte,Mérida,Yucatán,31,50
97144,Ampliación las Brisas,Mérida,Yucatán,31,50
97145,Las Palmas,Mérida,Yucatán,31,50
97145,Pet-kanche,Mérida,Yucatán,31,50
97145,San Juan Grande,Mérida,Yucatán,31,50
97145,Noria II,Mérida,Yucatán,31,50
97146,Nueva Alemán,Mérida,Yucatán,31,50
97146,Las Flores,Mérida,Yucatán,31,50
97147,Nuevo Yucatán,Mérida,Yucatán,31,50
97147,San Nicolás,Mérida,Yucatán,31,50
97148,Miguel Alemán,Mérida,Yucatán,31,50
97149,San Esteban,Mérida,Yucatán,31,50
97150,Industrial,Mérida,Yucatán,31,50
97150,Trava Quintero,Mérida,Yucatán,31,50
97155,Fenix,Mérida,Yucatán,31,50
97155,Lourdes Industrial,Mérida,Yucatán,31,50
97156,Los Reyes,Mérida,Yucatán,31,50
97157,Lázaro Cárdenas Ote,Mérida,Yucatán,31,50
97157,Nueva Mayapan,Mérida,Yucatán,31,50
97158,Chuminopolis,Mérida,Yucatán,31,50
97159,Máximo Ancona,Mérida,Yucatán,31,50
97159,Manuel Avila Camacho,Mérida,Yucatán,31,50
97159,Mayapan,Mérida,Yucatán,31,50
97159,Nueva Pacabtun,Mérida,Yucatán,31,50
97159,Nueva Mayapan,Mérida,Yucatán,31,50
97159,Lotificacion las Brisas,Mérida,Yucatán,31,50
97160,Del Parque,Mérida,Yucatán,31,50
97160,Pacabtun,Mérida,Yucatán,31,50
97160,Manuel Avila Camacho,Mérida,Yucatán,31,50
97160,Privada Del Autotransporte CTM,Mérida,Yucatán,31,50
97165,Melchor Ocampo,Mérida,Yucatán,31,50
97165,Melchor Ocampo II,Mérida,Yucatán,31,50
97166,Fidel Velázquez,Mérida,Yucatán,31,50
97166,Salvador Alvarado Oriente,Mérida,Yucatán,31,50
97166,Fidel Velázquez 2a Etapa,Mérida,Yucatán,31,50
97167,Emilio Portes Gil,Mérida,Yucatán,31,50
97167,Bosques de Oriente,Mérida,Yucatán,31,50
97167,Privada Emilio Portes Gil,Mérida,Yucatán,31,50
97168,Del Carmen,Mérida,Yucatán,31,50
97168,Cortes Sarmiento,Mérida,Yucatán,31,50
97168,Jardines de Miraflores,Mérida,Yucatán,31,50
97168,Cerillera,Mérida,Yucatán,31,50
97169,Esperanza,Mérida,Yucatán,31,50
97169,Wallis,Mérida,Yucatán,31,50
97170,Chichen-itza,Mérida,Yucatán,31,50
97170,Nueva Chichen-itza,Mérida,Yucatán,31,50
97173,Vergel,Mérida,Yucatán,31,50
97173,Vergel II,Mérida,Yucatán,31,50
97173,Vergel III,Mérida,Yucatán,31,50
97173,Vergel IV,Mérida,Yucatán,31,50
97173,San Jose Vergel,Mérida,Yucatán,31,50
97173,Real San José,Mérida,Yucatán,31,50
97173,Misne III,Mérida,Yucatán,31,50
97174,Villas La Macarena,Mérida,Yucatán,31,50
97174,Morelos Oriente,Mérida,Yucatán,31,50
97175,Amalia Solorzano,Mérida,Yucatán,31,50
97176,Misné II,Mérida,Yucatán,31,50
97176,San Pablo Oriente,Mérida,Yucatán,31,50
97176,Vergel 65,Mérida,Yucatán,31,50
97176,San Antonio Kaua,Mérida,Yucatán,31,50
97176,El Vergel,Mérida,Yucatán,31,50
97177,Azcorra,Mérida,Yucatán,31,50
97178,Benito Juárez Ote,Mérida,Yucatán,31,50
97179,Miraflores,Mérida,Yucatán,31,50
97179,Privada Miraflores,Mérida,Yucatán,31,50
97180,Vicente Solis,Mérida,Yucatán,31,50
97189,Canto,Mérida,Yucatán,31,50
97189,San Jose,Mérida,Yucatán,31,50
97190,Morelos,Mérida,Yucatán,31,50
97190,Morelos Issste Fovissste,Mérida,Yucatán,31,50
97195,Nueva Kukulkan,Mérida,Yucatán,31,50
97195,San Antonio Kaua,Mérida,Yucatán,31,50
97195,San Antonio Kaua II,Mérida,Yucatán,31,50
97195,Miraflores II,Mérida,Yucatán,31,50
97195,San Antonio Kaua I,Mérida,Yucatán,31,50
97195,Aquaparque,Mérida,Yucatán,31,50
97196,Salvador Alvarado Sur,Mérida,Yucatán,31,50
97196,Militar,Mérida,Yucatán,31,50
97196,Salvador Alvarado Sur II,Mérida,Yucatán,31,50
97196,Ampliación Salvador Alvarado Sur,Mérida,Yucatán,31,50
97198,Ampliación Granjas,Mérida,Yucatán,31,50
97198,Reparto Granjas,Mérida,Yucatán,31,50
97198,Kukulcan,Mérida,Yucatán,31,50
97199,Maria Luisa,Mérida,Yucatán,31,50
97203,Cordeleros de Chuburna,Mérida,Yucatán,31,50
97203,El Prado,Mérida,Yucatán,31,50
97203,San Pedro Uxmal,Mérida,Yucatán,31,50
97203,Tulias de Chuburna,Mérida,Yucatán,31,50
97203,Arcos del Sol,Mérida,Yucatán,31,50
97203,Aurea Residencial,Mérida,Yucatán,31,50
97203,Arekas,Mérida,Yucatán,31,50
97203,Brisas de Chuburna,Mérida,Yucatán,31,50
97203,Camara de La Construcción,Mérida,Yucatán,31,50
97203,Cocoteros,Mérida,Yucatán,31,50
97203,Del Bosque,Mérida,Yucatán,31,50
97203,El Conquistador,Mérida,Yucatán,31,50
97203,San Pablo,Mérida,Yucatán,31,50
97203,Terranova,Mérida,Yucatán,31,50
97203,Villas Palma Real,Mérida,Yucatán,31,50
97203,Villas Del Prado,Mérida,Yucatán,31,50
97203,Vista Alegre de Chuburna,Mérida,Yucatán,31,50
97203,Privada Chuburna de Hidalgo (II),Mérida,Yucatán,31,50
97203,Privada Chuburna Plus,Mérida,Yucatán,31,50
97203,Privada Palma Caribeña,Mérida,Yucatán,31,50
97203,Francisco de Montejo,Mérida,Yucatán,31,50
97203,San José Chuburna,Mérida,Yucatán,31,50
97203,Magnolias,Mérida,Yucatán,31,50
97203,Rincón Colonial,Mérida,Yucatán,31,50
97203,Puesta del Sol,Mérida,Yucatán,31,50
97203,Las Haciendas III,Mérida,Yucatán,31,50
97203,La Castellana,Mérida,Yucatán,31,50
97203,Privada Corozal,Mérida,Yucatán,31,50
97203,Ampliación Francisco de Montejo,Mérida,Yucatán,31,50
97203,Francisco de Montejo II,Mérida,Yucatán,31,50
97203,Francisco de Montejo III,Mérida,Yucatán,31,50
97203,Francisco de Montejo IV,Mérida,Yucatán,31,50
97203,Francisco de Montejo V,Mérida,Yucatán,31,50
97203,Platino,Mérida,Yucatán,31,50
97204,Xcumpich,Mérida,Yucatán,31,50
97204,Vía Montejo,Mérida,Yucatán,31,50
97204,Residencial Piedrasul,Mérida,Yucatán,31,50
97204,Residencial Galerias,Mérida,Yucatán,31,50
97204,Revolución,Mérida,Yucatán,31,50
97205,Residencial Hacienda Real,Mérida,Yucatán,31,50
97205,Chuburna de Hidalgo,Mérida,Yucatán,31,50
97205,Bugambilias,Mérida,Yucatán,31,50
97205,El Cortijo I,Mérida,Yucatán,31,50
97205,El Cortijo II,Mérida,Yucatán,31,50
97205,Juan B Sosa,Mérida,Yucatán,31,50
97205,Loma Bonita Xcumpich,Mérida,Yucatán,31,50
97205,Residencial La Noria,Mérida,Yucatán,31,50
97205,Callejones de Chuburna,Mérida,Yucatán,31,50
97205,Las Hadas,Mérida,Yucatán,31,50
97205,Boulevares de Chuburna,Mérida,Yucatán,31,50
97205,Chuburna Inn,Mérida,Yucatán,31,50
97205,El Campanario,Mérida,Yucatán,31,50
97205,San Ángel,Mérida,Yucatán,31,50
97205,Chuburna de Hidalgo (La Floresta),Mérida,Yucatán,31,50
97205,Las Dalias II,Mérida,Yucatán,31,50
97205,Tabachines,Mérida,Yucatán,31,50
97205,Villas Chuburna IV,Mérida,Yucatán,31,50
97205,Paraíso,Mérida,Yucatán,31,50
97205,San Luis Chuburna,Mérida,Yucatán,31,50
97205,Pinzon,Mérida,Yucatán,31,50
97205,Privada las Flores,Mérida,Yucatán,31,50
97205,Privada Chuburna de Hidalgo I,Mérida,Yucatán,31,50
97205,Privada Pedregal II,Mérida,Yucatán,31,50
97205,Privada Arboledas,Mérida,Yucatán,31,50
97205,Arboledas Chuburna,Mérida,Yucatán,31,50
97205,Privada Campestre Chuburna,Mérida,Yucatán,31,50
97205,Privada San Ángel Chuburna,Mérida,Yucatán,31,50
97205,Loma Bonita,Mérida,Yucatán,31,50
97206,El Rosario,Mérida,Yucatán,31,50
97206,San Francisco Chuburna,Mérida,Yucatán,31,50
97206,San Francisco Chuburna II,Mérida,Yucatán,31,50
97206,San Jose I,Mérida,Yucatán,31,50
97206,San Jose II,Mérida,Yucatán,31,50
97206,Mérida (Elefante Grande),Mérida,Yucatán,31,50
97206,San Vicente Chuburna,Mérida,Yucatán,31,50
97206,Privada Cipreses,Mérida,Yucatán,31,50
97206,Residencial Turquesa,Mérida,Yucatán,31,50
97207,Villas de Chuburna,Mérida,Yucatán,31,50
97208,Malaga,Mérida,Yucatán,31,50
97208,Rinconada de Chuburna,Mérida,Yucatán,31,50
97208,Residencial Atlantis,Mérida,Yucatán,31,50
97208,El Cedral,Mérida,Yucatán,31,50
97208,Felipe Carrillo Puerto,Mérida,Yucatán,31,50
97208,Las Quintas (Chuburna),Mérida,Yucatán,31,50
97208,Privada Chuburna de Hidalgo,Mérida,Yucatán,31,50
97209,Jardines de Chuburna,Mérida,Yucatán,31,50
97209,Privada San Jorge (Chuburna),Mérida,Yucatán,31,50
97210,Tanlum,Mérida,Yucatán,31,50
97210,Joaquín Ceballos Mimenza,Mérida,Yucatán,31,50
97210,Pedregales de Tanlum,Mérida,Yucatán,31,50
97215,Colonial Buenavista,Mérida,Yucatán,31,50
97215,Colonial Chuburna,Mérida,Yucatán,31,50
97215,Águilas Chuburna,Mérida,Yucatán,31,50
97217,Fovissste,Mérida,Yucatán,31,50
97217,Residencial Pensiones I y II,Mérida,Yucatán,31,50
97217,Francisco El Porvenir,Mérida,Yucatán,31,50
97217,Residencial Pensiones III,Mérida,Yucatán,31,50
97217,Residencial Pensiones IV,Mérida,Yucatán,31,50
97217,Residencial Pensiones V,Mérida,Yucatán,31,50
97217,Residencial Pensiones VI,Mérida,Yucatán,31,50
97217,Residencial Pensiones III (1),Mérida,Yucatán,31,50
97217,Residencial Pensiones III (II),Mérida,Yucatán,31,50
97217,Pensiones Norte,Mérida,Yucatán,31,50
97218,Roma,Mérida,Yucatán,31,50
97218,San Damián,Mérida,Yucatán,31,50
97218,Residencial Roma,Mérida,Yucatán,31,50
97218,San Isidro,Mérida,Yucatán,31,50
97218,Conjunto los Naranjos,Mérida,Yucatán,31,50
97218,Lotificacion San Damián,Mérida,Yucatán,31,50
97218,Privada San Damián,Mérida,Yucatán,31,50
97219,Francisco Villa,Mérida,Yucatán,31,50
97219,Lindavista,Mérida,Yucatán,31,50
97219,Limones,Mérida,Yucatán,31,50
97219,Privada Pensiones,Mérida,Yucatán,31,50
97219,San Damiancito,Mérida,Yucatán,31,50
97219,Jardines de Pensiones,Mérida,Yucatán,31,50
97219,Residencial del Norte,Mérida,Yucatán,31,50
97219,Amapola,Mérida,Yucatán,31,50
97219,Lindavista II,Mérida,Yucatán,31,50
97219,Jardines de Lindavista,Mérida,Yucatán,31,50
97219,Lotificacion San Damiancito I,Mérida,Yucatán,31,50
97219,Lotificacion San Damiancito II,Mérida,Yucatán,31,50
97219,Quinta Versalles,Mérida,Yucatán,31,50
97219,Unidad Habitacional Mérida Issste,Mérida,Yucatán,31,50
97219,Residencial Pensiones VII,Mérida,Yucatán,31,50
97219,Paseos de Pensiones,Mérida,Yucatán,31,50
97219,Pensiones,Mérida,Yucatán,31,50
97219,Ampliación Lindavista (Elefante Chico),Mérida,Yucatán,31,50
97219,Paseos de Chenku,Mérida,Yucatán,31,50
97219,Pedregal de Lindavista,Mérida,Yucatán,31,50
97220,Nueva Hidalgo,Mérida,Yucatán,31,50
97220,La Vaca Feliz,Mérida,Yucatán,31,50
97220,Miguel Hidalgo,Mérida,Yucatán,31,50
97220,Zona Dorada,Mérida,Yucatán,31,50
97220,Atlántida,Mérida,Yucatán,31,50
97225,Paseo de las Fuentes,Mérida,Yucatán,31,50
97225,Privada San Pedro,Mérida,Yucatán,31,50
97226,El Porvenir,Mérida,Yucatán,31,50
97227,Jacinto Canek,Mérida,Yucatán,31,50
97227,Las Vigas,Mérida,Yucatán,31,50
97229,Luis Echeverría Alvarez,Mérida,Yucatán,31,50
97229,15 de Mayo,Mérida,Yucatán,31,50
97229,Hacienda San Antonio,Mérida,Yucatán,31,50
97229,Xcom,Mérida,Yucatán,31,50
97229,Zona Dorada II,Mérida,Yucatán,31,50
97229,Villa Zona Dorada,Mérida,Yucatán,31,50
97229,Ampliación Roma (Luis Echeverría),Mérida,Yucatán,31,50
97229,Hacienda Inn,Mérida,Yucatán,31,50
97230,Bojorquez,Mérida,Yucatán,31,50
97230,Armando Avila Gurrutia,Mérida,Yucatán,31,50
97237,Central de Abasto,Mérida,Yucatán,31,50
97238,Nora Quintana,Mérida,Yucatán,31,50
97238,Yucalpeten,Mérida,Yucatán,31,50
97238,Villas de Yucalpeten,Mérida,Yucatán,31,50
97238,Residencial Casa Blanca,Mérida,Yucatán,31,50
97238,Brisas del Poniente (Yucalpeten),Mérida,Yucatán,31,50
97238,Jardines de Yucalpeten,Mérida,Yucatán,31,50
97239,Yucalpeten Secc Florida,Mérida,Yucatán,31,50
97240,Francisco I Madero,Mérida,Yucatán,31,50
97245,Lopez Portillo,Mérida,Yucatán,31,50
97245,Xoclan Canto,Mérida,Yucatán,31,50
97245,Xoclan Santos,Mérida,Yucatán,31,50
97246,Juan Pablo II Secc. Mérida 2000,Mérida,Yucatán,31,50
97246,Bosques del Poniente,Mérida,Yucatán,31,50
97246,Jardines de Nueva Mulsay,Mérida,Yucatán,31,50
97246,La Reja,Mérida,Yucatán,31,50
97246,Mulsay,Mérida,Yucatán,31,50
97246,Mulsay de La Magdalena,Mérida,Yucatán,31,50
97246,Xoclan,Mérida,Yucatán,31,50
97246,Xoclan Xbech,Mérida,Yucatán,31,50
97246,Juan Pablo II Cardenales,Mérida,Yucatán,31,50
97246,Juan Pablo II,Mérida,Yucatán,31,50
97246,México Poniente,Mérida,Yucatán,31,50
97246,Xoclan Carmelitas,Mérida,Yucatán,31,50
97246,Bosques de Mulsay,Mérida,Yucatán,31,50
97246,Granja Fruticola Susula,Mérida,Yucatán,31,50
97246,Mulsay Solidaridad,Mérida,Yucatán,31,50
97246,Hacienda Mulsay,Mérida,Yucatán,31,50
97246,Ampliación Juan Pablo II,Mérida,Yucatán,31,50
97246,Paseos de Opichen,Mérida,Yucatán,31,50
97246,Villas de Tixcacal,Mérida,Yucatán,31,50
97246,Los Ángeles,Mérida,Yucatán,31,50
97246,Angeles II,Mérida,Yucatán,31,50
97246,Anexo Juan Pablo II,Mérida,Yucatán,31,50
97247,San Lorenzo,Mérida,Yucatán,31,50
97249,Mulsay,Mérida,Yucatán,31,50
97249,Nueva Mulsay,Mérida,Yucatán,31,50
97249,Nueva Mulsay I,Mérida,Yucatán,31,50
97249,Plantel México,Mérida,Yucatán,31,50
97249,Pedregales de Nueva Mulsay Etapa,Mérida,Yucatán,31,50
97249,Xoclan Susula,Mérida,Yucatán,31,50
97249,Jardines de Nueva Mulsay II,Mérida,Yucatán,31,50
97249,Nueva Reforma Agraria,Mérida,Yucatán,31,50
97249,Tixcacal Opichen,Mérida,Yucatán,31,50
97249,Villa Magna,Mérida,Yucatán,31,50
97249,Cinturón Verde,Mérida,Yucatán,31,50
97249,Villa Magna II,Mérida,Yucatán,31,50
97249,Ampliación Tixcacal Opichen,Mérida,Yucatán,31,50
97249,Hacienda Opichen,Mérida,Yucatán,31,50
97249,Jardines de Nueva Mulsay III,Mérida,Yucatán,31,50
97249,Núcleo Mulsay,Mérida,Yucatán,31,50
97249,Girasoles de Opichen,Mérida,Yucatán,31,50
97249,Hacienda Opichen,Mérida,Yucatán,31,50
97249,Residencial Valparaiso,Mérida,Yucatán,31,50
97249,Diamante Paseos de Opichen,Mérida,Yucatán,31,50
97250,Nueva Sambula,Mérida,Yucatán,31,50
97250,Sambula,Mérida,Yucatán,31,50
97255,Bicentenario,Mérida,Yucatán,31,50
97255,El Roble,Mérida,Yucatán,31,50
97255,Manuel Crescencio Rejon,Mérida,Yucatán,31,50
97255,El Roble II,Mérida,Yucatán,31,50
97255,Roble Agrícola III,Mérida,Yucatán,31,50
97256,Álvaro Torres,Mérida,Yucatán,31,50
97256,Graciano Ricalde,Mérida,Yucatán,31,50
97256,Libertad II,Mérida,Yucatán,31,50
97256,Villas Mérida,Mérida,Yucatán,31,50
97256,Libertad III,Mérida,Yucatán,31,50
97256,Lol-Be,Mérida,Yucatán,31,50
97256,Residencial Nicte,Mérida,Yucatán,31,50
97260,Obrera,Mérida,Yucatán,31,50
97260,Villa de la Obrera II,Mérida,Yucatán,31,50
97260,Villas del Mayab,Mérida,Yucatán,31,50
97260,Nueva Obrera,Mérida,Yucatán,31,50
97260,Bosques del Pedregal,Mérida,Yucatán,31,50
97260,Circuito Colonias,Mérida,Yucatán,31,50
97260,Villa Moderna,Mérida,Yucatán,31,50
97267,Manzana 115,Mérida,Yucatán,31,50
97268,Delio Moreno Canton,Mérida,Yucatán,31,50
97268,Quinta Valencia,Mérida,Yucatán,31,50
97269,Meliton Salazar,Mérida,Yucatán,31,50
97269,Santa Maria de Guadalupe,Mérida,Yucatán,31,50
97269,Renacimiento I,Mérida,Yucatán,31,50
97270,Dolores Otero,Mérida,Yucatán,31,50
97277,Mercedes Barrera,Mérida,Yucatán,31,50
97278,Castilla Camara,Mérida,Yucatán,31,50
97279,Santa Rosa,Mérida,Yucatán,31,50
97279,Quinta Santa Rosa,Mérida,Yucatán,31,50
97280,5 Colonias,Mérida,Yucatán,31,50
97280,Santa Rita,Mérida,Yucatán,31,50
97284,Lomas Del Sur,Mérida,Yucatán,31,50
97284,Lindavista,Mérida,Yucatán,31,50
97285,Bellavista,Mérida,Yucatán,31,50
97285,Serapio Rendón,Mérida,Yucatán,31,50
97285,San José Tzal,Mérida,Yucatán,31,50
97285,Villa Bonita,Mérida,Yucatán,31,50
97285,Ampliación Plan de Ayala,Mérida,Yucatán,31,50
97285,Haltunchén,Mérida,Yucatán,31,50
97285,Plan de Ayala Sur,Mérida,Yucatán,31,50
97285,Serapio Rendón III,Mérida,Yucatán,31,50
97285,Villas Del Sur,Mérida,Yucatán,31,50
97285,Lotificacion Serapio Rendón 1,Mérida,Yucatán,31,50
97285,San Carlos del Sur,Mérida,Yucatán,31,50
97285,Villa Magna del Sur,Mérida,Yucatán,31,50
97285,Jardines del Sur,Mérida,Yucatán,31,50
97285,Álamos del Sur,Mérida,Yucatán,31,50
97285,Plan de Ayala Sur III,Mérida,Yucatán,31,50
97285,Serapio Rendón II,Mérida,Yucatán,31,50
97285,Las Nubes,Mérida,Yucatán,31,50
97285,Palmas del Sur,Mérida,Yucatán,31,50
97286,Las Brisas Del Sur,Mérida,Yucatán,31,50
97287,Del Sur,Mérida,Yucatán,31,50
97288,Ciudad Industrial,Mérida,Yucatán,31,50
97288,Industrial Bridec,Mérida,Yucatán,31,50
97289,La Hacienda,Mérida,Yucatán,31,50
97289,San Nicolás Del Sur,Mérida,Yucatán,31,50
97289,Ampliación La Hacienda,Mérida,Yucatán,31,50
97290,San Antonio Xluch,Mérida,Yucatán,31,50
97290,Nueva San Jose Tecoh,Mérida,Yucatán,31,50
97290,San Antonio Xluch II,Mérida,Yucatán,31,50
97290,La Guadalupana,Mérida,Yucatán,31,50
97295,Mérida (Lic. Manuel Crescencio Rejón),Mérida,Yucatán,31,50
97295,San Marcos,Mérida,Yucatán,31,50
97295,Gran Roble,Mérida,Yucatán,31,50
97295,El Roble Agrícola,Mérida,Yucatán,31,50
97295,Santa Cruz,Mérida,Yucatán,31,50
97296,San Marcos Nocoh,Mérida,Yucatán,31,50
97297,Villas Quetzal,Mérida,Yucatán,31,50
97297,Emiliano Zapata Sur,Mérida,Yucatán,31,50
97297,El Rosal,Mérida,Yucatán,31,50
97297,San Luis Sur,Mérida,Yucatán,31,50
97297,Metropolitana,Mérida,Yucatán,31,50
97297,San Antonio Xluch III,Mérida,Yucatán,31,50
97298,Zacilha,Mérida,Yucatán,31,50
97298,San Jose Tecoh Sur,Mérida,Yucatán,31,50
97298,Privada Zuzil - Ha,Mérida,Yucatán,31,50
97298,Zazil - Ha II,Mérida,Yucatán,31,50
97298,Brisas de San José,Mérida,Yucatán,31,50
97299,San Jose Tecoh,Mérida,Yucatán,31,50
97302,Los Tamarindos,Mérida,Yucatán,31,50
97302,Residencial Xcanatún,Mérida,Yucatán,31,50
97302,Royal del Parque,Mérida,Yucatán,31,50
97302,Chablekal,Mérida,Yucatán,31,50
97302,Komchén,Mérida,Yucatán,31,50
97302,Xcanatún,Mérida,Yucatán,31,50
97302,Dzidzilché,Mérida,Yucatán,31,50
97302,Sierra Papacal,Mérida,Yucatán,31,50
97302,Piedra Antigua,Mérida,Yucatán,31,50
97302,Palmequén,Mérida,Yucatán,31,50
97302,Xotik,Mérida,Yucatán,31,50
97302,San Antonio Residencial,Mérida,Yucatán,31,50
97302,Residencial La Alborada,Mérida,Yucatán,31,50
97302,Residencial Club Norte Mérida,Mérida,Yucatán,31,50
97302,San Antonio Hool,Mérida,Yucatán,31,50
97302,Real de Dzityá,Mérida,Yucatán,31,50
97302,Punta Lago,Mérida,Yucatán,31,50
97302,Parque Industrial Yucatán,Mérida,Yucatán,31,50
97302,San Juan Bautista,Mérida,Yucatán,31,50
97302,Dzityá,Mérida,Yucatán,31,50
97302,Sac-Nicté,Mérida,Yucatán,31,50
97302,Temozón Norte,Mérida,Yucatán,31,50
97302,Club de Golf La Ceiba,Mérida,Yucatán,31,50
97302,Las Américas,Mérida,Yucatán,31,50
97302,Real Montejo,Mérida,Yucatán,31,50
97302,Residencial del Mayab,Mérida,Yucatán,31,50
97302,Las Fincas,Mérida,Yucatán,31,50
97302,Núcleo Sodzil,Mérida,Yucatán,31,50
97303,Cosgaya,Mérida,Yucatán,31,50
97303,Kikteil,Mérida,Yucatán,31,50
97303,Noc Ac,Mérida,Yucatán,31,50
97303,Cheumán,Mérida,Yucatán,31,50
97304,Xcunyá,Mérida,Yucatán,31,50
97304,Tamanché,Mérida,Yucatán,31,50
97305,Residencial Campestre Viladiu,Mérida,Yucatán,31,50
97305,Gran San Pedro Cholul,Mérida,Yucatán,31,50
97305,Villas Cholul,Mérida,Yucatán,31,50
97305,Bogdan,Mérida,Yucatán,31,50
97305,San Luis Cholul,Mérida,Yucatán,31,50
97305,Cholul,Mérida,Yucatán,31,50
97305,Parque Central,Mérida,Yucatán,31,50
97305,Sian Kaan,Mérida,Yucatán,31,50
97305,Residencial Anturio,Mérida,Yucatán,31,50
97305,Altavista,Mérida,Yucatán,31,50
97305,Granjas Cholul,Mérida,Yucatán,31,50
97305,Alura,Mérida,Yucatán,31,50
97305,Tixcuytún,Mérida,Yucatán,31,50
97305,Villas del Bosque Cholul,Mérida,Yucatán,31,50
97305,San Gabriel Tulipanes,Mérida,Yucatán,31,50
97305,Cabo Norte,Mérida,Yucatán,31,50
97305,Parque Natura,Mérida,Yucatán,31,50
97305,El Triunfo,Mérida,Yucatán,31,50
97305,Santa Gertrudis Copo,Mérida,Yucatán,31,50
97305,Algarrobos Desarrollo Residencial,Mérida,Yucatán,31,50
97305,Las Margaritas de Cholul,Mérida,Yucatán,31,50
97305,Dzibilchaltún,Mérida,Yucatán,31,50
97305,Cocoyoles,Mérida,Yucatán,31,50
97305,Jalapa,Mérida,Yucatán,31,50
97306,Chichi Suárez,Mérida,Yucatán,31,50
97306,Sitpach,Mérida,Yucatán,31,50
97306,Residencial Floresta,Mérida,Yucatán,31,50
97306,Santa María Chí,Mérida,Yucatán,31,50
97306,Los Héroes,Mérida,Yucatán,31,50
97307,La Rejoyada,Mérida,Yucatán,31,50
97307,Jardines de Rejoyada,Mérida,Yucatán,31,50
97307,Komchén (Santuario),Mérida,Yucatán,31,50
97308,Santa María Yaxché,Mérida,Yucatán,31,50
97308,Yucatán Country Club,Mérida,Yucatán,31,50
97308,Misnébalam,Mérida,Yucatán,31,50
97308,Universidad del Mayab,Mérida,Yucatán,31,50
97309,Yaxché Casares,Mérida,Yucatán,31,50
97310,Oncán,Mérida,Yucatán,31,50
97312,Los Faisanes de Tixcacal,Mérida,Yucatán,31,50
97312,Solana Residencial,Mérida,Yucatán,31,50
97312,Providencia,Mérida,Yucatán,31,50
97312,Tixcacal,Mérida,Yucatán,31,50
97312,Chalmuch,Mérida,Yucatán,31,50
97314,Balcones II,Mérida,Yucatán,31,50
97314,Ciudad Caucel II,Mérida,Yucatán,31,50
97314,Hogares Caucel,Mérida,Yucatán,31,50
97314,Caucel,Mérida,Yucatán,31,50
97314,Cerradas de la Herradura,Mérida,Yucatán,31,50
97314,Villa Jardín,Mérida,Yucatán,31,50
97314,La Ceiba,Mérida,Yucatán,31,50
97314,La Perla Ciudad Caucel,Mérida,Yucatán,31,50
97314,Gran Herradura,Mérida,Yucatán,31,50
97314,La Ciudadela,Mérida,Yucatán,31,50
97314,Piedra Norte Caucel,Mérida,Yucatán,31,50
97314,Sol Caucel,Mérida,Yucatán,31,50
97314,Jardines de Caucel,Mérida,Yucatán,31,50
97314,Susulá,Mérida,Yucatán,31,50
97314,Los Balcones,Mérida,Yucatán,31,50
97314,Los Almendros,Mérida,Yucatán,31,50
97314,Villas de Caucel,Mérida,Yucatán,31,50
97314,Boulevares,Mérida,Yucatán,31,50
97314,Arboleda,Mérida,Yucatán,31,50
97314,Las Torres I,Mérida,Yucatán,31,50
97314,Pedregales de Ciudad Caucel,Mérida,Yucatán,31,50
97314,La Herradura II,Mérida,Yucatán,31,50
97314,Gran Santa Fe,Mérida,Yucatán,31,50
97314,Las Torres,Mérida,Yucatán,31,50
97314,Viva Caucel,Mérida,Yucatán,31,50
97314,Hacienda Caucel,Mérida,Yucatán,31,50
97314,La Herradura III,Mérida,Yucatán,31,50
97314,Las Torres II,Mérida,Yucatán,31,50
97314,Centenario Cámara de Comercio Caucel,Mérida,Yucatán,31,50
97314,Sol Caucel III,Mérida,Yucatán,31,50
97314,Ciudad Caucel,Mérida,Yucatán,31,50
97315,Nuevo San José Tecoh III,Mérida,Yucatán,31,50
97315,Dzununcán,Mérida,Yucatán,31,50
97315,Molas,Mérida,Yucatán,31,50
97315,San José Tzal,Mérida,Yucatán,31,50
97315,Tahdzibichén,Mérida,Yucatán,31,50
97315,San Antonio Tzacalá,Mérida,Yucatán,31,50
97315,Dzununcan,Mérida,Yucatán,31,50
97315,Hunxectamán,Mérida,Yucatán,31,50
97315,Jardines de Tahdzibichén,Mérida,Yucatán,31,50
97315,San Pedro Chimay,Mérida,Yucatán,31,50
97315,Texán Cámara,Mérida,Yucatán,31,50
97315,Santa Cruz Palomeque,Mérida,Yucatán,31,50
97315,Xmatkuil,Mérida,Yucatán,31,50
97315,La Guadalupana,Mérida,Yucatán,31,50
97315,Nuevo San José Tecoh,Mérida,Yucatán,31,50
97315,Petac,Mérida,Yucatán,31,50
97316,Dzoyaxché,Mérida,Yucatán,31,50
97316,San Ignacio Tesip,Mérida,Yucatán,31,50
97316,Yaxnic,Mérida,Yucatán,31,50
97320,Vicente Guerrero,Progreso,Yucatán,31,59
97320,Progreso Centro,Progreso,Yucatán,31,59
97320,Feliciano Canul Reyes,Progreso,Yucatán,31,59
97320,Ismael Garcia,Progreso,Yucatán,31,59
97320,Juan Montalvo,Progreso,Yucatán,31,59
97320,Nueva Yucalpeten,Progreso,Yucatán,31,59
97320,Revolución,Progreso,Yucatán,31,59
97320,Héctor Victoria,Progreso,Yucatán,31,59
97320,Costa Azul,Progreso,Yucatán,31,59
97320,23 de Noviembre,Progreso,Yucatán,31,59
97320,Las Fuentes,Progreso,Yucatán,31,59
97320,Fovissste,Progreso,Yucatán,31,59
97320,Las Palmas,Progreso,Yucatán,31,59
97320,Fovissste Brisas,Progreso,Yucatán,31,59
97320,Ciénega 2000,Progreso,Yucatán,31,59
97320,Francisco I. Madero,Progreso,Yucatán,31,59
97324,Campestre Flamboyanes,Progreso,Yucatán,31,59
97330,Chicxulub Puerto,Progreso,Yucatán,31,59
97334,San Ignacio,Progreso,Yucatán,31,59
97336,Chuburna Puerto,Progreso,Yucatán,31,59
97336,Chelem,Progreso,Yucatán,31,59
97336,Yucalpeten,Progreso,Yucatán,31,59
97337,Muelle y Puerto de Altura,Progreso,Yucatán,31,59
97340,Chicxulub,Chicxulub Pueblo,Yucatán,31,20
97342,Quintas Baspul,Chicxulub Pueblo,Yucatán,31,20
97343,Ixil,Ixil,Yucatán,31,39
97343,Concepción,Ixil,Yucatán,31,39
97343,San Rafael,Ixil,Yucatán,31,39
97345,Jardines de Conkal,Conkal,Yucatán,31,13
97345,Villas de Conkal,Conkal,Yucatán,31,13
97345,Real de Conkal,Conkal,Yucatán,31,13
97345,Paseo del Ángel,Conkal,Yucatán,31,13
97345,Santa Cruz,Conkal,Yucatán,31,13
97345,Pedregales de Conkal,Conkal,Yucatán,31,13
97345,Palma Real,Conkal,Yucatán,31,13
97345,Bosques de Conkal,Conkal,Yucatán,31,13
97345,Magnolia Residencial,Conkal,Yucatán,31,13
97345,Manere,Conkal,Yucatán,31,13
97345,Conkal,Conkal,Yucatán,31,13
97345,Los Laureles,Conkal,Yucatán,31,13
97345,Verde Limón,Conkal,Yucatán,31,13
97346,Vega del Mayab,Conkal,Yucatán,31,13
97346,X-Cuyum,Conkal,Yucatán,31,13
97346,Santa María Rosas,Conkal,Yucatán,31,13
97347,Praderas del Mayab,Conkal,Yucatán,31,13
97347,Kantoyna,Conkal,Yucatán,31,13
97348,Yaxkukul,Yaxkukul,Yucatán,31,105
97350,Papagayos,Hunucmá,Yucatán,31,38
97350,Centro Hunucmá,Hunucmá,Yucatán,31,38
97353,Texán de Palomeque,Hunucmá,Yucatán,31,38
97353,San Antonio Chel,Hunucmá,Yucatán,31,38
97353,Hunkanab,Hunucmá,Yucatán,31,38
97356,Sisal,Hunucmá,Yucatán,31,38
97357,San Juan,Ucú,Yucatán,31,100
97357,Ucú,Ucú,Yucatán,31,100
97357,Yaxche de Peón,Ucú,Yucatán,31,100
97360,Kinchil,Kinchil,Yucatán,31,44
97362,Tamchén,Kinchil,Yucatán,31,44
97364,Tetiz,Tetiz,Yucatán,31,87
97365,Nohuayun,Tetiz,Yucatán,31,87
97367,Celestún,Celestún,Yucatán,31,11
97367,Chac Canché,Celestún,Yucatán,31,11
97367,Santa Cruz Xixim,Celestún,Yucatán,31,11
97370,Santa Cecilia,Kanasín,Yucatán,31,41
97370,Valle Azul,Kanasín,Yucatán,31,41
97370,Privada del Sol,Kanasín,Yucatán,31,41
97370,Girasoles,Kanasín,Yucatán,31,41
97370,Fontana I,Kanasín,Yucatán,31,41
97370,Las Palmeras,Kanasín,Yucatán,31,41
97370,Arecas,Kanasín,Yucatán,31,41
97370,San Haroldo San José Tzal,Kanasín,Yucatán,31,41
97370,Leona Vicario,Kanasín,Yucatán,31,41
97370,Jardines de San Pedro Noh Pat,Kanasín,Yucatán,31,41
97370,Puerta del Sol,Kanasín,Yucatán,31,41
97370,Pedregales de Kanasín II,Kanasín,Yucatán,31,41
97370,Valle Oriente,Kanasín,Yucatán,31,41
97370,Villas Turquesa,Kanasín,Yucatán,31,41
97370,Álamos de Oriente,Kanasín,Yucatán,31,41
97370,Cuauhtémoc,Kanasín,Yucatán,31,41
97370,Los Pinos de Mulchechen,Kanasín,Yucatán,31,41
97370,Puerta Esmeralda,Kanasín,Yucatán,31,41
97370,La Ceiba,Kanasín,Yucatán,31,41
97370,Pedregales del Oriente,Kanasín,Yucatán,31,41
97370,Las Palmas Yucatán,Kanasín,Yucatán,31,41
97370,Xelpac,Kanasín,Yucatán,31,41
97370,Ampliación Xelpac,Kanasín,Yucatán,31,41
97370,San Ignacio,Kanasín,Yucatán,31,41
97370,Santa Ana,Kanasín,Yucatán,31,41
97370,Condesa,Kanasín,Yucatán,31,41
97370,Mulchechén II,Kanasín,Yucatán,31,41
97370,Cielo Alto,Kanasín,Yucatán,31,41
97370,Despertare,Kanasín,Yucatán,31,41
97370,Coyoles,Kanasín,Yucatán,31,41
97370,El Encanto Kanasín,Kanasín,Yucatán,31,41
97370,Arboleda Kanasín,Kanasín,Yucatán,31,41
97370,San José Kanasín,Kanasín,Yucatán,31,41
97370,Villa Bonita,Kanasín,Yucatán,31,41
97370,Rinconada Kanasín,Kanasín,Yucatán,31,41
97370,Villa Mercedes,Kanasín,Yucatán,31,41
97370,Las Perlas,Kanasín,Yucatán,31,41
97370,Valle Oriente de San Pedro Noh Pat,Kanasín,Yucatán,31,41
97370,Pedregales de Kanasín,Kanasín,Yucatán,31,41
97370,Residencial,Kanasín,Yucatán,31,41
97370,VIVAH,Kanasín,Yucatán,31,41
97370,Las Haciendas,Kanasín,Yucatán,31,41
97370,La Piedra,Kanasín,Yucatán,31,41
97370,Andrés Quintana Roo,Kanasín,Yucatán,31,41
97370,Alamos Mulchechen,Kanasín,Yucatán,31,41
97370,El Cerrito,Kanasín,Yucatán,31,41
97370,Vistana,Kanasín,Yucatán,31,41
97370,Amalia Solorzano II,Kanasín,Yucatán,31,41
97370,Kanasín Centro,Kanasín,Yucatán,31,41
97370,Colibrí,Kanasín,Yucatán,31,41
97370,CROC,Kanasín,Yucatán,31,41
97370,Francisco Villa Oriente,Kanasín,Yucatán,31,41
97370,Mulchechén,Kanasín,Yucatán,31,41
97370,San Antonio Kaua III,Kanasín,Yucatán,31,41
97370,Hector Victoria,Kanasín,Yucatán,31,41
97370,Pablo Moreno,Kanasín,Yucatán,31,41
97370,Reparto las Granjas,Kanasín,Yucatán,31,41
97370,San Camilo,Kanasín,Yucatán,31,41
97370,Los Encinos,Kanasín,Yucatán,31,41
97370,San Pedro Noh Pat,Kanasín,Yucatán,31,41
97370,Flor de Mayo,Kanasín,Yucatán,31,41
97370,Jardines de Mulchechen,Kanasín,Yucatán,31,41
97370,Jardines de Kanasín,Kanasín,Yucatán,31,41
97370,Los Tulipanes,Kanasín,Yucatán,31,41
97370,Palmas San Pedro,Kanasín,Yucatán,31,41
97370,Las Flores,Kanasín,Yucatán,31,41
97370,Los Robles III,Kanasín,Yucatán,31,41
97370,La Joya,Kanasín,Yucatán,31,41
97370,Los Robles,Kanasín,Yucatán,31,41
97370,Villas del Oriente,Kanasín,Yucatán,31,41
97370,Cecilio Chi,Kanasín,Yucatán,31,41
97373,Santa Isabel,Kanasín,Yucatán,31,41
97374,San Aroldo,Kanasín,Yucatán,31,41
97374,San Pedro (Deshuesadero),Kanasín,Yucatán,31,41
97374,Teya,Kanasín,Yucatán,31,41
97376,San Antonio Tehuitz,Kanasín,Yucatán,31,41
97377,Tekik de Regil,Timucuy,Yucatán,31,90
97377,Timucuy,Timucuy,Yucatán,31,90
97378,Subincancab,Timucuy,Yucatán,31,90
97380,Santiago,Acanceh,Yucatán,31,2
97380,Acanceh,Acanceh,Yucatán,31,2
97380,Canicab,Acanceh,Yucatán,31,2
97380,Ticopó,Acanceh,Yucatán,31,2
97380,El Zapotal,Acanceh,Yucatán,31,2
97382,Tepich Carrillo,Acanceh,Yucatán,31,2
97383,Cibceh,Acanceh,Yucatán,31,2
97383,Petectunich,Acanceh,Yucatán,31,2
97383,Sacchich,Acanceh,Yucatán,31,2
97386,Tixpéhual,Tixpéhual,Yucatán,31,95
97387,Chocho,Tixpéhual,Yucatán,31,95
97387,Kilinche,Tixpéhual,Yucatán,31,95
97388,Sahe,Tixpéhual,Yucatán,31,95
97388,Cuca,Tixpéhual,Yucatán,31,95
97389,Techoh,Tixpéhual,Yucatán,31,95
97390,Brisas de Umán,Umán,Yucatán,31,101
97390,Las Perlas de Umán,Umán,Yucatán,31,101
97390,El Oasis,Umán,Yucatán,31,101
97390,Camino Real,Umán,Yucatán,31,101
97390,Los Arcos I,Umán,Yucatán,31,101
97390,Residencial San Lázaro,Umán,Yucatán,31,101
97390,Centro Umán,Umán,Yucatán,31,101
97390,Acim I,Umán,Yucatán,31,101
97390,Los Ceibos,Umán,Yucatán,31,101
97390,Ampliación Ciudad Industrial,Umán,Yucatán,31,101
97390,La Mejorada,Umán,Yucatán,31,101
97390,Bosques de San Francisco,Umán,Yucatán,31,101
97390,San Lorenzo,Umán,Yucatán,31,101
97390,Cepeda Peraza,Umán,Yucatán,31,101
97390,Lázaro Cárdenas,Umán,Yucatán,31,101
97390,La Candelaria,Umán,Yucatán,31,101
97390,Dzibikal,Umán,Yucatán,31,101
97390,Santa Elena,Umán,Yucatán,31,101
97390,Miguel Hidalgo y Costilla,Umán,Yucatán,31,101
97390,Bosques de Umán,Umán,Yucatán,31,101
97390,Los Arcos II,Umán,Yucatán,31,101
97390,Acim II,Umán,Yucatán,31,101
97390,San Carlos,Umán,Yucatán,31,101
97392,Piedra de Agua,Umán,Yucatán,31,101
97392,El Roble Agrícola IV,Umán,Yucatán,31,101
97392,Itzincab,Umán,Yucatán,31,101
97393,Oxcum,Umán,Yucatán,31,101
97393,Dzibikak,Umán,Yucatán,31,101
97394,Taníl,Umán,Yucatán,31,101
97394,Xcucul Sur,Umán,Yucatán,31,101
97394,Gran Santa Cruz,Umán,Yucatán,31,101
97394,Tebec,Umán,Yucatán,31,101
97394,Ticimul,Umán,Yucatán,31,101
97394,Petecbiltun,Umán,Yucatán,31,101
97394,Xtepen,Umán,Yucatán,31,101
97395,Hotzuc,Umán,Yucatán,31,101
97396,Yaxcopoil,Umán,Yucatán,31,101
97396,San Antonio Mulix,Umán,Yucatán,31,101
97397,Bolon,Umán,Yucatán,31,101
97397,Oxholon,Umán,Yucatán,31,101
97397,San Antonio Chun,Umán,Yucatán,31,101
97397,Poxila,Umán,Yucatán,31,101
97400,Centro Telchac Pueblo,Telchac Pueblo,Yucatán,31,82
97404,INFONAVIT,Dzemul,Yucatán,31,26
97404,Dzemul,Dzemul,Yucatán,31,26
97405,Xtampú,Dzemul,Yucatán,31,26
97405,Xcambó,Dzemul,Yucatán,31,26
97406,San Eduardo,Dzemul,Yucatán,31,26
97406,San Diego,Dzemul,Yucatán,31,26
97407,Telchac Puerto,Telchac Puerto,Yucatán,31,83
97410,Cansahcab,Cansahcab,Yucatán,31,9
97414,Santa María,Cansahcab,Yucatán,31,9
97415,San Antonio Xiat,Cansahcab,Yucatán,31,9
97415,Kankabchen de Molina,Cansahcab,Yucatán,31,9
97417,San Antonio,Cansahcab,Yucatán,31,9
97420,Sinanché,Sinanché,Yucatán,31,68
97420,Miguel Alemán,Sinanché,Yucatán,31,68
97424,San Crisanto,Sinanché,Yucatán,31,68
97425,Yobaín,Yobaín,Yucatán,31,106
97426,Chabihau,Yobaín,Yucatán,31,106
97430,Motul de Carrillo Puerto Centro,Motul,Yucatán,31,52
97430,Sambulá,Motul,Yucatán,31,52
97430,San Carlos,Motul,Yucatán,31,52
97430,El Roble,Motul,Yucatán,31,52
97430,Santa Cruz Pachón,Motul,Yucatán,31,52
97432,San Silverio,Motul,Yucatán,31,52
97432,Felipe Carrillo Puerto,Motul,Yucatán,31,52
97432,Infonavit,Motul,Yucatán,31,52
97432,Mario H Cuevas,Motul,Yucatán,31,52
97432,Perla de La Costa,Motul,Yucatán,31,52
97432,Las Huertas,Motul,Yucatán,31,52
97432,Puerta del Sol,Motul,Yucatán,31,52
97432,Londres,Motul,Yucatán,31,52
97432,Vivah,Motul,Yucatán,31,52
97433,Santiago Castillo,Motul,Yucatán,31,52
97433,San Juan,Motul,Yucatán,31,52
97434,Edesio Carrillo,Motul,Yucatán,31,52
97434,Rogelio Chalé,Motul,Yucatán,31,52
97434,La Herradura,Motul,Yucatán,31,52
97434,San Roque,Motul,Yucatán,31,52
97436,Sacapuc,Motul,Yucatán,31,52
97436,Timul,Motul,Yucatán,31,52
97437,Kini,Motul,Yucatán,31,52
97440,Uci,Motul,Yucatán,31,52
97440,Kancabchen,Motul,Yucatán,31,52
97440,Komchén Martínez,Motul,Yucatán,31,52
97440,Santa Teresa,Motul,Yucatán,31,52
97440,San Pedro Chacabal,Motul,Yucatán,31,52
97443,Tanya,Motul,Yucatán,31,52
97443,Kancabal,Motul,Yucatán,31,52
97444,Kaxatah,Motul,Yucatán,31,52
97444,Mesatunich,Motul,Yucatán,31,52
97444,Kopte,Motul,Yucatán,31,52
97444,Kambul,Motul,Yucatán,31,52
97444,Dzununcan,Motul,Yucatán,31,52
97444,Kancabchén Uci,Motul,Yucatán,31,52
97444,San Pedro Camara,Motul,Yucatán,31,52
97445,San Antonio Dzinah,Motul,Yucatán,31,52
97446,San José Hili,Motul,Yucatán,31,52
97446,Sakolá,Motul,Yucatán,31,52
97450,Baca,Baca,Yucatán,31,4
97452,Tixkuncheil,Baca,Yucatán,31,4
97452,Kankabchen,Baca,Yucatán,31,4
97453,San Isidro Kuxub,Baca,Yucatán,31,4
97453,San Nicolás,Baca,Yucatán,31,4
97454,Mococha,Mocochá,Yucatán,31,51
97455,Too,Mocochá,Yucatán,31,51
97456,Tekat,Mocochá,Yucatán,31,51
97457,Muxupip,Muxupip,Yucatán,31,54
97458,San Juan Koop,Muxupip,Yucatán,31,54
97458,San José Grande,Muxupip,Yucatán,31,54
97460,Santa Teresa,Cacalchén,Yucatán,31,7
97460,Cacalchen,Cacalchén,Yucatán,31,7
97466,Bokobá,Bokobá,Yucatán,31,5
97470,Tixkokob,Tixkokob,Yucatán,31,93
97473,Kankabchen,Tixkokob,Yucatán,31,93
97473,San José,Tixkokob,Yucatán,31,93
97474,Ekmul,Tixkokob,Yucatán,31,93
97474,Euan,Tixkokob,Yucatán,31,93
97474,Ruinas de Ake,Tixkokob,Yucatán,31,93
97475,Hubila,Tixkokob,Yucatán,31,93
97476,San Antonio Millet,Tixkokob,Yucatán,31,93
97477,Nolo,Tixkokob,Yucatán,31,93
97480,Hoctun,Hoctún,Yucatán,31,35
97483,Dziuche,Hoctún,Yucatán,31,35
97486,San José Oriente,Hoctún,Yucatán,31,35
97490,Tahmek,Tahmek,Yucatán,31,74
97500,Dzidzantún,Dzidzantún,Yucatán,31,27
97500,Emiliano Zapata,Dzidzantún,Yucatán,31,27
97500,San Diego Chumul,Dzidzantún,Yucatán,31,27
97500,San Juan,Dzidzantún,Yucatán,31,27
97500,Vicente Guerrero,Dzidzantún,Yucatán,31,27
97504,Mina de Oro,Dzidzantún,Yucatán,31,27
97504,Santa Clara,Dzidzantún,Yucatán,31,27
97506,San Francisco Manzanilla,Dzidzantún,Yucatán,31,27
97510,Temax,Temax,Yucatán,31,84
97513,San Antonio Camara,Temax,Yucatán,31,84
97515,Chucmichén,Temax,Yucatán,31,84
97515,Chenche de Las Torres,Temax,Yucatán,31,84
97516,Santa Ursula,Temax,Yucatán,31,84
97520,Tekantó,Tekantó,Yucatán,31,78
97522,Tixkocho,Tekantó,Yucatán,31,78
97522,Sanlatah,Tekantó,Yucatán,31,78
97523,San Francisco Dzan,Tekantó,Yucatán,31,78
97524,Teya,Teya,Yucatán,31,88
97527,Suma,Suma,Yucatán,31,72
97527,San Nicolás,Suma,Yucatán,31,72
97530,Tepakán,Tepakán,Yucatán,31,86
97532,Kantirix,Tepakán,Yucatán,31,86
97535,Tekal de Venegas,Tekal de Venegas,Yucatán,31,77
97536,El Ancla,Tekal de Venegas,Yucatán,31,77
97536,Tohoku,Tekal de Venegas,Yucatán,31,77
97536,San Felipe,Tekal de Venegas,Yucatán,31,77
97540,Benito Juárez,Izamal,Yucatán,31,40
97540,Quinta Real,Izamal,Yucatán,31,40
97540,San Genaro,Izamal,Yucatán,31,40
97540,Santo Domingo,Izamal,Yucatán,31,40
97540,Emiliano Zapata,Izamal,Yucatán,31,40
97540,Izamal,Izamal,Yucatán,31,40
97540,Real del Sol,Izamal,Yucatán,31,40
97540,San Juan Izamal,Izamal,Yucatán,31,40
97545,Sitilpech,Izamal,Yucatán,31,40
97550,Citilcum,Izamal,Yucatán,31,40
97550,Kimbila,Izamal,Yucatán,31,40
97553,San José Kanán,Izamal,Yucatán,31,40
97555,Cuauhtémoc,Izamal,Yucatán,31,40
97556,Xanabá,Izamal,Yucatán,31,40
97556,Yaxché,Izamal,Yucatán,31,40
97556,Popolá,Izamal,Yucatán,31,40
97557,San José,Izamal,Yucatán,31,40
97557,San Antonio,Izamal,Yucatán,31,40
97560,Hocabá,Hocabá,Yucatán,31,34
97563,El Nance,Hocabá,Yucatán,31,34
97564,Sahcaba,Hocabá,Yucatán,31,34
97566,Xocchel,Xocchel,Yucatán,31,103
97570,Seyé,Seyé,Yucatán,31,67
97570,Vicente Guerrero,Seyé,Yucatán,31,67
97573,Holactún,Seyé,Yucatán,31,67
97574,Xucu,Seyé,Yucatán,31,67
97575,San Bernardino,Seyé,Yucatán,31,67
97575,Nohcham,Seyé,Yucatán,31,67
97577,Cuzama,Cuzamá,Yucatán,31,15
97577,Eknacan,Cuzamá,Yucatán,31,15
97577,Nohchacan,Cuzamá,Yucatán,31,15
97578,Yaxkukul,Cuzamá,Yucatán,31,15
97578,Chunkanan,Cuzamá,Yucatán,31,15
97579,San Francisco Sisal,Cuzamá,Yucatán,31,15
97580,Viva,Homún,Yucatán,31,36
97580,Homun,Homún,Yucatán,31,36
97583,Polabán,Homún,Yucatán,31,36
97585,Yalahau,Homún,Yucatán,31,36
97586,San Isidro Ochil,Homún,Yucatán,31,36
97587,Sanahcat,Sanahcat,Yucatán,31,64
97590,Huhí,Huhí,Yucatán,31,37
97596,Tixcacal Quintero,Huhí,Yucatán,31,37
97600,Dzilam González,Dzilam González,Yucatán,31,29
97604,Dzonot Sabila,Dzilam González,Yucatán,31,29
97606,Dzilam de Bravo,Dzilam de Bravo,Yucatán,31,28
97608,Chun-Xaan,Dzilam de Bravo,Yucatán,31,28
97609,Kennedy,Dzilam de Bravo,Yucatán,31,28
97610,Panaba,Panabá,Yucatán,31,57
97614,San Juan del Río,Panabá,Yucatán,31,57
97614,Loche,Panabá,Yucatán,31,57
97614,San Francisco,Panabá,Yucatán,31,57
97615,San Antonio,Panabá,Yucatán,31,57
97615,Cenote Yalsihón Buena Fe,Panabá,Yucatán,31,57
97615,Vista Alegre,Panabá,Yucatán,31,57
97615,Noczal,Panabá,Yucatán,31,57
97616,San Felipe,San Felipe,Yucatán,31,65
97620,Buctzotz,Buctzotz,Yucatán,31,6
97623,X-bec,Buctzotz,Yucatán,31,6
97623,Chanmotul,Buctzotz,Yucatán,31,6
97624,Nohyaxche,Buctzotz,Yucatán,31,6
97624,La Gran Lucha,Buctzotz,Yucatán,31,6
97625,Nup-Dzonot,Buctzotz,Yucatán,31,6
97625,B. Esperanza,Buctzotz,Yucatán,31,6
97625,San Francisco,Buctzotz,Yucatán,31,6
97625,Grano de Oro,Buctzotz,Yucatán,31,6
97625,U. Juárez,Buctzotz,Yucatán,31,6
97626,San Juan,Buctzotz,Yucatán,31,6
97626,San Pedro,Buctzotz,Yucatán,31,6
97627,Santo Domingo,Buctzotz,Yucatán,31,6
97630,Sucilá,Sucilá,Yucatán,31,70
97634,Chan Panaba,Sucilá,Yucatán,31,70
97636,A.G. San Martín,Sucilá,Yucatán,31,70
97640,Cenotillo,Cenotillo,Yucatán,31,12
97645,Tixbacab,Cenotillo,Yucatán,31,12
97645,X-Lobos,Cenotillo,Yucatán,31,12
97645,Tucina,Cenotillo,Yucatán,31,12
97646,Dzoncauich,Dzoncauich,Yucatán,31,31
97647,Chacmay,Dzoncauich,Yucatán,31,31
97650,Tunkás,Tunkás,Yucatán,31,97
97653,San José Pibtuch,Tunkás,Yucatán,31,97
97653,Chabak,Tunkás,Yucatán,31,97
97654,Nicte Ha,Tunkás,Yucatán,31,97
97654,Mactun,Tunkás,Yucatán,31,97
97654,Kancabchén,Tunkás,Yucatán,31,97
97654,Noc Ac,Tunkás,Yucatán,31,97
97654,Chakan Ebula,Tunkás,Yucatán,31,97
97654,Onichen,Tunkás,Yucatán,31,97
97654,San Román,Tunkás,Yucatán,31,97
97654,San Antonio Chuc,Tunkás,Yucatán,31,97
97654,Yaxha,Tunkás,Yucatán,31,97
97654,Santa Rosa,Tunkás,Yucatán,31,97
97655,Quintana Roo,Quintana Roo,Yucatán,31,60
97660,Dzitás,Dzitás,Yucatán,31,30
97666,Xocempich,Dzitás,Yucatán,31,30
97666,Yaxche,Dzitás,Yucatán,31,30
97670,Kantunil,Kantunil,Yucatán,31,42
97675,Holcá,Kantunil,Yucatán,31,42
97676,Sudzal,Sudzal,Yucatán,31,71
97677,Brasil,Sudzal,Yucatán,31,71
97677,San Antonio Chalante,Sudzal,Yucatán,31,71
97677,San Juan,Sudzal,Yucatán,31,71
97677,Tzalam,Sudzal,Yucatán,31,71
97677,San Martín,Sudzal,Yucatán,31,71
97678,Chumbec,Sudzal,Yucatán,31,71
97678,Kamcabchen,Sudzal,Yucatán,31,71
97680,Tekit,Tekit,Yucatán,31,80
97684,Susula,Tekit,Yucatán,31,80
97686,Yaxic,Tekit,Yucatán,31,80
97690,Sotuta,Sotuta,Yucatán,31,69
97694,Tibolon,Sotuta,Yucatán,31,69
97695,Tabi,Sotuta,Yucatán,31,69
97697,Zavala,Sotuta,Yucatán,31,69
97700,Tizimin Centro,Tizimín,Yucatán,31,96
97700,Santa Cruz,Tizimín,Yucatán,31,96
97702,Las Palmas,Tizimín,Yucatán,31,96
97702,Residencial Tizimín,Tizimín,Yucatán,31,96
97702,Comichén,Tizimín,Yucatán,31,96
97702,Benito Juárez,Tizimín,Yucatán,31,96
97702,Fovissste,Tizimín,Yucatán,31,96
97702,Jacinto Canek,Tizimín,Yucatán,31,96
97702,8 Calles,Tizimín,Yucatán,31,96
97702,Los Reyes,Tizimín,Yucatán,31,96
97702,Aviación,Tizimín,Yucatán,31,96
97702,Santa Maria,Tizimín,Yucatán,31,96
97702,Zoológico,Tizimín,Yucatán,31,96
97702,Villas Campestre,Tizimín,Yucatán,31,96
97702,Campestre San Francisco,Tizimín,Yucatán,31,96
97702,Justo Sierra,Tizimín,Yucatán,31,96
97702,Viva,Tizimín,Yucatán,31,96
97702,San Martín,Tizimín,Yucatán,31,96
97703,Adolfo Lopez Mateos,Tizimín,Yucatán,31,96
97703,San Jose Nabalam,Tizimín,Yucatán,31,96
97703,Santo Domingo,Tizimín,Yucatán,31,96
97703,Lázaro Cárdenas,Tizimín,Yucatán,31,96
97703,San Carlos,Tizimín,Yucatán,31,96
97703,Huayita,Tizimín,Yucatán,31,96
97703,Los Reyes,Tizimín,Yucatán,31,96
97704,Adolfo López Mateos,Tizimín,Yucatán,31,96
97704,Los Aguacates,Tizimín,Yucatán,31,96
97704,Santa Maria de Lima,Tizimín,Yucatán,31,96
97704,Residencial Del Parque,Tizimín,Yucatán,31,96
97705,Sucopó,Tizimín,Yucatán,31,96
97705,Chan San Antonio,Tizimín,Yucatán,31,96
97705,Kikil,Tizimín,Yucatán,31,96
97705,Yokdzonot Meneses,Tizimín,Yucatán,31,96
97705,X-Pambihá,Tizimín,Yucatán,31,96
97706,Xkalax de Dzibalkú,Tizimín,Yucatán,31,96
97706,Santa Clara Dzibalkú,Tizimín,Yucatán,31,96
97706,Dzadz Palma,Tizimín,Yucatán,31,96
97706,San Antonio,Tizimín,Yucatán,31,96
97706,Libre Unión,Tizimín,Yucatán,31,96
97706,Dzonot Box,Tizimín,Yucatán,31,96
97706,San Román,Tizimín,Yucatán,31,96
97706,Chunsubul,Tizimín,Yucatán,31,96
97706,X-Panhatoro,Tizimín,Yucatán,31,96
97706,Chenkekén,Tizimín,Yucatán,31,96
97706,Buena Esperanza,Tizimín,Yucatán,31,96
97706,Bondzonot Número Dos,Tizimín,Yucatán,31,96
97706,X-Lal,Tizimín,Yucatán,31,96
97706,X-Cail,Tizimín,Yucatán,31,96
97706,Dzonot Tigre,Tizimín,Yucatán,31,96
97707,Yohactún de Hidalgo,Tizimín,Yucatán,31,96
97707,Dzonot Carretero,Tizimín,Yucatán,31,96
97707,El Cuyo,Tizimín,Yucatán,31,96
97707,San Francisco,Tizimín,Yucatán,31,96
97707,Benito Juárez,Tizimín,Yucatán,31,96
97707,San Juan,Tizimín,Yucatán,31,96
97707,Moctezuma,Tizimín,Yucatán,31,96
97707,Dolores,Tizimín,Yucatán,31,96
97707,Emiliano Zapata,Tizimín,Yucatán,31,96
97710,San Pedro Juárez,Tizimín,Yucatán,31,96
97710,Colonia Yucatán,Tizimín,Yucatán,31,96
97710,Dzonot Aké,Tizimín,Yucatán,31,96
97710,San Isidro Chuncopó,Tizimín,Yucatán,31,96
97710,Yaxchekú,Tizimín,Yucatán,31,96
97710,Teapa,Tizimín,Yucatán,31,96
97710,La Sierra,Tizimín,Yucatán,31,96
97710,Lázaro Cárdenas,Tizimín,Yucatán,31,96
97710,Felipe Carrillo Puerto Dos,Tizimín,Yucatán,31,96
97710,San Enrique,Tizimín,Yucatán,31,96
97710,Kabichén,Tizimín,Yucatán,31,96
97710,El Ramonal,Tizimín,Yucatán,31,96
97710,Orizaba,Tizimín,Yucatán,31,96
97710,San Luis Tzuctuk,Tizimín,Yucatán,31,96
97712,Santa Rosa Concepción,Tizimín,Yucatán,31,96
97713,San Miguel,Tizimín,Yucatán,31,96
97713,Santa Pilar,Tizimín,Yucatán,31,96
97713,Santa Isabel,Tizimín,Yucatán,31,96
97713,Santa Rosa y Anexas,Tizimín,Yucatán,31,96
97713,Cenote Azul,Tizimín,Yucatán,31,96
97713,Samaria,Tizimín,Yucatán,31,96
97713,Benito Juárez,Tizimín,Yucatán,31,96
97713,Rancho Grande,Tizimín,Yucatán,31,96
97713,Santa Ana,Tizimín,Yucatán,31,96
97713,Paraíso,Tizimín,Yucatán,31,96
97713,La Libertad,Tizimín,Yucatán,31,96
97714,Santa María,Tizimín,Yucatán,31,96
97714,San Pedro Sacboc,Tizimín,Yucatán,31,96
97715,San Hipólito,Tizimín,Yucatán,31,96
97715,El Limonar,Tizimín,Yucatán,31,96
97715,San Pedro Bacab,Tizimín,Yucatán,31,96
97715,Nuevo León,Tizimín,Yucatán,31,96
97715,Nuevo Tezoco,Tizimín,Yucatán,31,96
97715,San Arturo,Tizimín,Yucatán,31,96
97715,San Isidro,Tizimín,Yucatán,31,96
97715,Francisco Villa,Tizimín,Yucatán,31,96
97715,Manuel Cepeda Peraza,Tizimín,Yucatán,31,96
97715,Santa Clara,Tizimín,Yucatán,31,96
97715,Tres Marias,Tizimín,Yucatán,31,96
97715,San Juan,Tizimín,Yucatán,31,96
97715,Santa Elena,Tizimín,Yucatán,31,96
97715,Luis Rosado Vega,Tizimín,Yucatán,31,96
97716,San Manuel,Tizimín,Yucatán,31,96
97716,Papoinah,Tizimín,Yucatán,31,96
97716,El Edén (Yaxic),Tizimín,Yucatán,31,96
97716,Adolfo López Mateos,Tizimín,Yucatán,31,96
97716,Santa Rosa,Tizimín,Yucatán,31,96
97716,Quintana,Tizimín,Yucatán,31,96
97716,San José Montecristo,Tizimín,Yucatán,31,96
97716,Felipe Carrillo Puerto Número Uno,Tizimín,Yucatán,31,96
97716,Chan Tres Reyes,Tizimín,Yucatán,31,96
97716,La Esperanza,Tizimín,Yucatán,31,96
97716,San Isidro Kilómetro Catorce (San Isidro),Tizimín,Yucatán,31,96
97717,Tixcancal,Tizimín,Yucatán,31,96
97717,Chan Cenote,Tizimín,Yucatán,31,96
97717,San Isidro Kancabdzonot,Tizimín,Yucatán,31,96
97717,Trascorral,Tizimín,Yucatán,31,96
97717,Dzonot Mezo,Tizimín,Yucatán,31,96
97717,San Lorenzo,Tizimín,Yucatán,31,96
97717,San Lorenzo Chiquilá,Tizimín,Yucatán,31,96
97720,Río Lagartos,Río Lagartos,Yucatán,31,61
97723,Las Coloradas,Río Lagartos,Yucatán,31,61
97726,Quinientos,Río Lagartos,Yucatán,31,61
97730,Espita,Espita,Yucatán,31,32
97730,Santa Cruz Regario,Espita,Yucatán,31,32
97733,Nacuche,Espita,Yucatán,31,32
97734,San Antonio Xuilub,Espita,Yucatán,31,32
97734,Kunche,Espita,Yucatán,31,32
97734,San Pedro Chenchelo,Espita,Yucatán,31,32
97739,Holcá,Espita,Yucatán,31,32
97740,Temozón,Temozón,Yucatán,31,85
97743,Santa Rita,Temozón,Yucatán,31,85
97743,Xeb,Temozón,Yucatán,31,85
97743,Kante,Temozón,Yucatán,31,85
97743,Actuncah,Temozón,Yucatán,31,85
97743,Ekbalam,Temozón,Yucatán,31,85
97743,Xuch,Temozón,Yucatán,31,85
97744,Hunukú,Temozón,Yucatán,31,85
97744,Nahbalam,Temozón,Yucatán,31,85
97744,Yokdzonot Presentado,Temozón,Yucatán,31,85
97744,Xcanchechen,Temozón,Yucatán,31,85
97744,Xtut,Temozón,Yucatán,31,85
97744,Dzalbay,Temozón,Yucatán,31,85
97745,Calotmul,Calotmul,Yucatán,31,8
97746,Tahcabo,Calotmul,Yucatán,31,8
97747,Pocoboch,Calotmul,Yucatán,31,8
97748,Yokdzonot,Calotmul,Yucatán,31,8
97750,Tinum,Tinum,Yucatán,31,91
97751,Piste,Tinum,Yucatán,31,91
97753,Poom,Tinum,Yucatán,31,91
97754,Balantun,Tinum,Yucatán,31,91
97755,San Francisco,Tinum,Yucatán,31,91
97755,San Francisco Grande,Tinum,Yucatán,31,91
97755,Tohopku,Tinum,Yucatán,31,91
97756,X-Calakoop,Tinum,Yucatán,31,91
97756,San Felipe,Tinum,Yucatán,31,91
97757,Chichen-itza,Tinum,Yucatán,31,91
97758,Tzukmuc,Chankom,Yucatán,31,17
97758,Xanlá,Chankom,Yucatán,31,17
97758,Muchucuxcáh,Chankom,Yucatán,31,17
97758,Chankom,Chankom,Yucatán,31,17
97758,Ticimul,Chankom,Yucatán,31,17
97758,Xcopteil,Chankom,Yucatán,31,17
97758,Xcatun,Chankom,Yucatán,31,17
97758,Xtohil,Chankom,Yucatán,31,17
97758,San Isidro,Chankom,Yucatán,31,17
97758,Pambá,Chankom,Yucatán,31,17
97758,Nicte-Ha,Chankom,Yucatán,31,17
97758,X-Cocail,Chankom,Yucatán,31,17
97758,X-Bohom,Chankom,Yucatán,31,17
97758,Yokdzonot,Chankom,Yucatán,31,17
97758,San Juan,Chankom,Yucatán,31,17
97759,San Juan Xkalakdzonot,Chankom,Yucatán,31,17
97759,Xcalakdzonot,Chankom,Yucatán,31,17
97760,Chichimilá,Chichimilá,Yucatán,31,21
97760,San José,Chichimilá,Yucatán,31,21
97760,Celtun,Chichimilá,Yucatán,31,21
97760,X-Chay,Chichimilá,Yucatán,31,21
97760,Chan X-Cail,Chichimilá,Yucatán,31,21
97760,Tixcancal Dzonot,Chichimilá,Yucatán,31,21
97760,San Pedro,Chichimilá,Yucatán,31,21
97761,Dzitox,Chichimilá,Yucatán,31,21
97762,Tixcacalcupul,Tixcacalcupul,Yucatán,31,92
97763,Carolina,Tixcacalcupul,Yucatán,31,92
97763,San José,Tixcacalcupul,Yucatán,31,92
97763,Monte Verde,Tixcacalcupul,Yucatán,31,92
97763,Poop,Tixcacalcupul,Yucatán,31,92
97763,Ekpedz,Tixcacalcupul,Yucatán,31,92
97763,Mahas,Tixcacalcupul,Yucatán,31,92
97763,Xtobil,Tixcacalcupul,Yucatán,31,92
97764,Kaua,Kaua,Yucatán,31,43
97764,Xtzeal,Kaua,Yucatán,31,43
97765,San Esteban,Kaua,Yucatán,31,43
97766,Cuncunul,Cuncunul,Yucatán,31,14
97766,San Francisco,Cuncunul,Yucatán,31,14
97766,San Diego,Cuncunul,Yucatán,31,14
97767,Chebalam,Cuncunul,Yucatán,31,14
97768,Tekom,Tekom,Yucatán,31,81
97768,San Antonio,Tekom,Yucatán,31,81
97768,Dzidzilché,Tekom,Yucatán,31,81
97769,X-Cocmil,Tekom,Yucatán,31,81
97769,Chindzonot,Tekom,Yucatán,31,81
97769,Pocbichen,Tekom,Yucatán,31,81
97769,Xuxcab,Tekom,Yucatán,31,81
97769,Chibilub,Tekom,Yucatán,31,81
97770,Chemax,Chemax,Yucatán,31,19
97770,Benito Juárez García,Chemax,Yucatán,31,19
97773,X-Catzín (Catzín),Chemax,Yucatán,31,19
97773,Uspibil,Chemax,Yucatán,31,19
97773,Chechmil,Chemax,Yucatán,31,19
97773,Xmaab,Chemax,Yucatán,31,19
97773,Xuneb,Chemax,Yucatán,31,19
97773,Xalaú,Chemax,Yucatán,31,19
97773,Kuxeb,Chemax,Yucatán,31,19
97774,X-can,Chemax,Yucatán,31,19
97774,Santa Cruz,Chemax,Yucatán,31,19
97774,Cholul,Chemax,Yucatán,31,19
97774,San Andrés,Chemax,Yucatán,31,19
97774,San Roman,Chemax,Yucatán,31,19
97774,San Pedro Chemax,Chemax,Yucatán,31,19
97774,Santa Elena,Chemax,Yucatán,31,19
97774,San Juan Chen,Chemax,Yucatán,31,19
97774,Mucel,Chemax,Yucatán,31,19
97774,Xtejas,Chemax,Yucatán,31,19
97775,Cocoyol,Chemax,Yucatán,31,19
97775,Buenavista,Chemax,Yucatán,31,19
97775,Santa Rita,Chemax,Yucatán,31,19
97776,Sisbichén,Chemax,Yucatán,31,19
97776,Pabalam,Chemax,Yucatán,31,19
97776,Champolin,Chemax,Yucatán,31,19
97777,Chachadzonot,Chemax,Yucatán,31,19
97777,Lol-Bé,Chemax,Yucatán,31,19
97777,Chuluntan,Chemax,Yucatán,31,19
97777,Yaxche,Chemax,Yucatán,31,19
97780,Valladolid Centro,Valladolid,Yucatán,31,102
97782,San Isidro,Valladolid,Yucatán,31,102
97782,Las Palmas,Valladolid,Yucatán,31,102
97782,Orquídeas,Valladolid,Yucatán,31,102
97782,Los Cipreses,Valladolid,Yucatán,31,102
97782,Candelaria,Valladolid,Yucatán,31,102
97782,Flor Campestre,Valladolid,Yucatán,31,102
97782,Jardines Del Oriente,Valladolid,Yucatán,31,102
97782,Lol-beh,Valladolid,Yucatán,31,102
97782,Residencial Campestre,Valladolid,Yucatán,31,102
97782,Santa Ana,Valladolid,Yucatán,31,102
97782,Santa Lucia,Valladolid,Yucatán,31,102
97782,Fernando Novelo,Valladolid,Yucatán,31,102
97782,Santa Ana,Valladolid,Yucatán,31,102
97782,Militar,Valladolid,Yucatán,31,102
97782,Santa Cruz,Valladolid,Yucatán,31,102
97783,Leonardo Rodríguez Alcaine,Valladolid,Yucatán,31,102
97783,Militar,Valladolid,Yucatán,31,102
97783,Oaxaqueña,Valladolid,Yucatán,31,102
97783,San Juan,Valladolid,Yucatán,31,102
97783,San Antonio,Valladolid,Yucatán,31,102
97783,Sacyabil,Valladolid,Yucatán,31,102
97783,Santana,Valladolid,Yucatán,31,102
97783,San Francisco,Valladolid,Yucatán,31,102
97783,San Vicente,Valladolid,Yucatán,31,102
97784,Residencial del Bosque,Valladolid,Yucatán,31,102
97784,Bacalar,Valladolid,Yucatán,31,102
97784,Sisal,Valladolid,Yucatán,31,102
97784,Xcorazon,Valladolid,Yucatán,31,102
97784,Emiliano Zapata,Valladolid,Yucatán,31,102
97784,Puesta Del Sol,Valladolid,Yucatán,31,102
97784,Capules,Valladolid,Yucatán,31,102
97784,Flamboyanes,Valladolid,Yucatán,31,102
97784,Colonos,Valladolid,Yucatán,31,102
97784,San Carlos,Valladolid,Yucatán,31,102
97784,Cruz Verde,Valladolid,Yucatán,31,102
97785,Kanxoc,Valladolid,Yucatán,31,102
97785,Xocen,Valladolid,Yucatán,31,102
97785,Batun,Valladolid,Yucatán,31,102
97785,Kampepén,Valladolid,Yucatán,31,102
97786,Sidra Kin,Valladolid,Yucatán,31,102
97786,Timas,Valladolid,Yucatán,31,102
97787,Santa Cruz,Valladolid,Yucatán,31,102
97787,Xuilib,Valladolid,Yucatán,31,102
97787,Nohsuytun,Valladolid,Yucatán,31,102
97787,Yaxche,Valladolid,Yucatán,31,102
97787,Chamul,Valladolid,Yucatán,31,102
97790,La Guadalupana,Valladolid,Yucatán,31,102
97790,Pixoy,Valladolid,Yucatán,31,102
97790,Popola,Valladolid,Yucatán,31,102
97793,Tesoco,Valladolid,Yucatán,31,102
97793,Ticúch,Valladolid,Yucatán,31,102
97793,Chan Yokdzonot,Valladolid,Yucatán,31,102
97793,Tepakan,Valladolid,Yucatán,31,102
97793,Tahmuy,Valladolid,Yucatán,31,102
97793,Zodzilchén,Valladolid,Yucatán,31,102
97793,Yunchen,Valladolid,Yucatán,31,102
97794,Yalcoba,Valladolid,Yucatán,31,102
97794,Chiople,Valladolid,Yucatán,31,102
97794,San Andres Bac,Valladolid,Yucatán,31,102
97795,Dzitnup,Valladolid,Yucatán,31,102
97795,Yalcon,Valladolid,Yucatán,31,102
97795,Ebtun,Valladolid,Yucatán,31,102
97795,X-Kekén,Valladolid,Yucatán,31,102
97795,Tixhualactún,Valladolid,Yucatán,31,102
97796,Uayma,Uayma,Yucatán,31,99
97798,Santa María,Uayma,Yucatán,31,99
97799,San Lorenzo,Uayma,Yucatán,31,99
97800,Maxcanu,Maxcanú,Yucatán,31,48
97800,Guadalupe,Maxcanú,Yucatán,31,48
97800,La Sirena,Maxcanú,Yucatán,31,48
97803,Chan Chocholá (Santa Eduviges Chan Chocholá),Maxcanú,Yucatán,31,48
97803,Granada (Chican Granada),Maxcanú,Yucatán,31,48
97803,Santa Cruz,Maxcanú,Yucatán,31,48
97803,Kanachén,Maxcanú,Yucatán,31,48
97804,Kochol,Maxcanú,Yucatán,31,48
97804,Santo Domingo,Maxcanú,Yucatán,31,48
97804,San Fernando,Maxcanú,Yucatán,31,48
97804,Santa Rosa,Maxcanú,Yucatán,31,48
97804,Paraíso,Maxcanú,Yucatán,31,48
97804,Coahuila (Santa Teresa Coahuila),Maxcanú,Yucatán,31,48
97804,X-Cacal,Maxcanú,Yucatán,31,48
97804,Yaxcaba,Maxcanú,Yucatán,31,48
97804,Lázaro Cárdenas,Maxcanú,Yucatán,31,48
97805,Chunchucmil,Maxcanú,Yucatán,31,48
97805,San Simón Sinkehuel,Maxcanú,Yucatán,31,48
97806,San Rafael,Maxcanú,Yucatán,31,48
97807,Chencoh,Maxcanú,Yucatán,31,48
97810,Samahil,Samahil,Yucatán,31,63
97810,Kuchel,Samahil,Yucatán,31,63
97812,San Antonio Tedzidz,Samahil,Yucatán,31,63
97813,Opichen,Opichén,Yucatán,31,55
97814,Calcehtoc,Opichén,Yucatán,31,55
97816,Chochola,Chocholá,Yucatán,31,23
97816,San Antonio Chable,Chocholá,Yucatán,31,23
97818,Kopomá,Kopomá,Yucatán,31,45
97818,San Bernardo,Kopomá,Yucatán,31,45
97820,Tecoh,Tecoh,Yucatán,31,76
97822,Lepan,Tecoh,Yucatán,31,76
97822,Oxtapacab,Tecoh,Yucatán,31,76
97822,Itzincab,Tecoh,Yucatán,31,76
97822,Sotuta de Peón,Tecoh,Yucatán,31,76
97823,Chinkilá,Tecoh,Yucatán,31,76
97823,Sabacché,Tecoh,Yucatán,31,76
97823,Pixyah,Tecoh,Yucatán,31,76
97824,Telchaquillo,Tecoh,Yucatán,31,76
97824,Xcanchakan,Tecoh,Yucatán,31,76
97824,Mayapan,Tecoh,Yucatán,31,76
97824,Mahzucil,Tecoh,Yucatán,31,76
97825,Abalá,Abalá,Yucatán,31,1
97825,Mukuiche,Abalá,Yucatán,31,1
97825,Uayalceh,Abalá,Yucatán,31,1
97826,Sinhuchen,Abalá,Yucatán,31,1
97826,Cacao,Abalá,Yucatán,31,1
97826,Peba,Abalá,Yucatán,31,1
97827,Temozon Sur,Abalá,Yucatán,31,1
97830,Halacho,Halachó,Yucatán,31,33
97830,San José,Halachó,Yucatán,31,33
97835,Cepeda,Halachó,Yucatán,31,33
97835,Cuch Holoch,Halachó,Yucatán,31,33
97835,Siho,Halachó,Yucatán,31,33
97835,Unidad Agrícola Guadalupe,Halachó,Yucatán,31,33
97835,Concepción,Halachó,Yucatán,31,33
97836,San Mateo,Halachó,Yucatán,31,33
97836,Dzbzibachi,Halachó,Yucatán,31,33
97836,Kankabchen,Halachó,Yucatán,31,33
97837,Santa Maria Acu,Halachó,Yucatán,31,33
97837,Santa Sofia,Halachó,Yucatán,31,33
97840,Tepakán,Muna,Yucatán,31,53
97840,Muna de Leopoldo Arana Cabrera,Muna,Yucatán,31,53
97840,Benito Juárez,Muna,Yucatán,31,53
97840,San Bernardo,Muna,Yucatán,31,53
97840,San Mateo,Muna,Yucatán,31,53
97840,San Sebastián,Muna,Yucatán,31,53
97840,Víctor Cervera Pacheco,Muna,Yucatán,31,53
97843,Choyob,Muna,Yucatán,31,53
97843,Yaxha,Muna,Yucatán,31,53
97844,San Jose Tipceh,Muna,Yucatán,31,53
97844,U.F. Lázaro Cárdenas,Muna,Yucatán,31,53
97845,Sacalum,Sacalum,Yucatán,31,62
97847,San Antonio Sodzil,Sacalum,Yucatán,31,62
97848,Yunku,Sacalum,Yucatán,31,62
97850,Mani,Maní,Yucatán,31,47
97851,Tipikal,Maní,Yucatán,31,47
97854,Dzan,Dzan,Yucatán,31,25
97857,Chapab,Chapab,Yucatán,31,18
97858,Citincabchen,Chapab,Yucatán,31,18
97858,Hunabchen,Chapab,Yucatán,31,18
97858,San Cristóbal,Chapab,Yucatán,31,18
97860,Ticul Centro,Ticul,Yucatán,31,89
97862,De los Electricistas,Ticul,Yucatán,31,89
97862,Deportivo Campestre,Ticul,Yucatán,31,89
97862,Mejorada,Ticul,Yucatán,31,89
97862,Guadalupe,Ticul,Yucatán,31,89
97862,Obrera,Ticul,Yucatán,31,89
97862,Campestre,Ticul,Yucatán,31,89
97863,San Juan,Ticul,Yucatán,31,89
97864,San Joaquín,Ticul,Yucatán,31,89
97864,San Enrique,Ticul,Yucatán,31,89
97864,Las Tinajas,Ticul,Yucatán,31,89
97864,San Benito,Ticul,Yucatán,31,89
97864,Santa Maria,Ticul,Yucatán,31,89
97864,San Román,Ticul,Yucatán,31,89
97864,Santiago,Ticul,Yucatán,31,89
97870,Pustunich,Ticul,Yucatán,31,89
97873,Yotholin,Ticul,Yucatán,31,89
97880,Tutul Xiú,Oxkutzcab,Yucatán,31,56
97880,Oxkutzcab,Oxkutzcab,Yucatán,31,56
97882,San José Kunché,Oxkutzcab,Yucatán,31,56
97883,Lol-Tún,Oxkutzcab,Yucatán,31,56
97883,Yaaxhom,Oxkutzcab,Yucatán,31,56
97883,Emiliano Zapata,Oxkutzcab,Yucatán,31,56
97883,Xohuayan,Oxkutzcab,Yucatán,31,56
97884,Nohcacab,Oxkutzcab,Yucatán,31,56
97884,Xul,Oxkutzcab,Yucatán,31,56
97884,Sacamucuy,Oxkutzcab,Yucatán,31,56
97884,Xobenhaltun,Oxkutzcab,Yucatán,31,56
97885,Sayil,Oxkutzcab,Yucatán,31,56
97886,Yaxhacchen,Oxkutzcab,Yucatán,31,56
97886,Kihuic,Oxkutzcab,Yucatán,31,56
97887,Tabi,Oxkutzcab,Yucatán,31,56
97887,Xlapak,Oxkutzcab,Yucatán,31,56
97887,Labna,Oxkutzcab,Yucatán,31,56
97890,Santa Elena,Santa Elena,Yucatán,31,66
97890,San Agustín,Santa Elena,Yucatán,31,66
97894,Kabah,Santa Elena,Yucatán,31,66
97895,San Simón,Santa Elena,Yucatán,31,66
97899,Hotel Villas Arqueológicas,Santa Elena,Yucatán,31,66
97899,Hotel Hacienda Uxmal,Santa Elena,Yucatán,31,66
97900,Mama,Mama,Yucatán,31,46
97904,Chumayel,Chumayel,Yucatán,31,24
97908,Mayapan,Mayapán,Yucatán,31,49
97910,Teabo,Teabo,Yucatán,31,75
97915,Cantamayec,Cantamayec,Yucatán,31,10
97917,Nenela,Cantamayec,Yucatán,31,10
97918,Cholul,Cantamayec,Yucatán,31,10
97920,Yaxcaba,Yaxcabá,Yucatán,31,104
97922,Yokdzonot,Yaxcabá,Yucatán,31,104
97922,Mexil,Yaxcabá,Yucatán,31,104
97923,Libre Unión,Yaxcabá,Yucatán,31,104
97923,Cenote Xtohil,Yaxcabá,Yucatán,31,104
97924,Cenote Aban,Yaxcabá,Yucatán,31,104
97924,San Marcos,Yaxcabá,Yucatán,31,104
97924,Popola,Yaxcabá,Yucatán,31,104
97924,Chimay,Yaxcabá,Yucatán,31,104
97924,Yaxunah,Yaxcabá,Yucatán,31,104
97924,Z.A. Yaxuna,Yaxcabá,Yucatán,31,104
97925,Tiholop,Yaxcabá,Yucatán,31,104
97925,Santa Maria,Yaxcabá,Yucatán,31,104
97925,Kancabdzonot,Yaxcabá,Yucatán,31,104
97925,Yokdzonot-Hú,Yaxcabá,Yucatán,31,104
97925,Huechen Balam,Yaxcabá,Yucatán,31,104
97925,San Pedro,Yaxcabá,Yucatán,31,104
97925,Sahcabá,Yaxcabá,Yucatán,31,104
97926,Cacalchen,Yaxcabá,Yucatán,31,104
97926,Canakom,Yaxcabá,Yucatán,31,104
97927,Tahdzibichen,Yaxcabá,Yucatán,31,104
97927,Tixcacaltuyub,Yaxcabá,Yucatán,31,104
97929,Tinuncah,Yaxcabá,Yucatán,31,104
97929,Cipché,Yaxcabá,Yucatán,31,104
97930,Peto Centro,Peto,Yucatán,31,58
97930,Benito Juárez,Peto,Yucatán,31,58
97930,Francisco I Madero,Peto,Yucatán,31,58
97930,Francisco Sarabia,Peto,Yucatán,31,58
97930,Miraflores,Peto,Yucatán,31,58
97930,Morelos y Fátima,Peto,Yucatán,31,58
97930,3 Cruces,Peto,Yucatán,31,58
97930,Trinidad,Peto,Yucatán,31,58
97930,Felipe Carrillo Puerto,Peto,Yucatán,31,58
97930,Jacinto Kanek,Peto,Yucatán,31,58
97930,Ciprés,Peto,Yucatán,31,58
97932,Xoy,Peto,Yucatán,31,58
97933,Progresito,Peto,Yucatán,31,58
97933,Tixhualactun,Peto,Yucatán,31,58
97933,San Gregorio,Peto,Yucatán,31,58
97933,Temozon,Peto,Yucatán,31,58
97933,San Pedro,Peto,Yucatán,31,58
97934,Guadalupe,Peto,Yucatán,31,58
97934,San Diego,Peto,Yucatán,31,58
97934,Xcabanchen,Peto,Yucatán,31,58
97934,San Nicolás Yoactún,Peto,Yucatán,31,58
97934,San Bernabe,Peto,Yucatán,31,58
97935,Papacal,Peto,Yucatán,31,58
97935,Santa Elena,Peto,Yucatán,31,58
97935,San Francisco,Peto,Yucatán,31,58
97935,Dzonotchel,Peto,Yucatán,31,58
97935,Chan Calotmul,Peto,Yucatán,31,58
97935,San Mateo,Peto,Yucatán,31,58
97935,Santa Cruz,Peto,Yucatán,31,58
97936,Polinkin,Peto,Yucatán,31,58
97936,La Esperanza,Peto,Yucatán,31,58
97936,Kambul,Peto,Yucatán,31,58
97936,Abal,Peto,Yucatán,31,58
97936,San Sebastián,Peto,Yucatán,31,58
97936,San Dionisio,Peto,Yucatán,31,58
97936,Petulillo,Peto,Yucatán,31,58
97937,Tobxila,Peto,Yucatán,31,58
97937,San Miguel,Peto,Yucatán,31,58
97937,Uitzina,Peto,Yucatán,31,58
97937,Trapiche,Peto,Yucatán,31,58
97937,San Salvador,Peto,Yucatán,31,58
97937,Santa Rosa,Peto,Yucatán,31,58
97937,Justicia Social,Peto,Yucatán,31,58
97937,Santa Ursula,Peto,Yucatán,31,58
97937,Xpechil,Peto,Yucatán,31,58
97937,Candelaria (San Pedro),Peto,Yucatán,31,58
97937,Macmay,Peto,Yucatán,31,58
97937,Yaxcopil,Peto,Yucatán,31,58
97940,Chikindzonot,Chikindzonot,Yucatán,31,22
97943,Chan Santa María,Chikindzonot,Yucatán,31,22
97943,Chanchimila,Chikindzonot,Yucatán,31,22
97943,X-Poxil,Chikindzonot,Yucatán,31,22
97943,Xcampana,Chikindzonot,Yucatán,31,22
97944,Ichmul,Chikindzonot,Yucatán,31,22
97945,Tahdziu,Tahdziú,Yucatán,31,73
97947,Timul,Tahdziú,Yucatán,31,73
97948,San Ignacio,Tahdziú,Yucatán,31,73
97948,Mocté,Tahdziú,Yucatán,31,73
97950,Tixmehuac,Tixméhuac,Yucatán,31,94
97953,Chuchub,Tixméhuac,Yucatán,31,94
97953,Chican,Tixméhuac,Yucatán,31,94
97953,Sabacche,Tixméhuac,Yucatán,31,94
97953,Sisbic,Tixméhuac,Yucatán,31,94
97953,Kimbila,Tixméhuac,Yucatán,31,94
97953,Dzutoh,Tixméhuac,Yucatán,31,94
97954,Sacchacan,Tixméhuac,Yucatán,31,94
97955,Chacsinkin,Chacsinkín,Yucatán,31,16
97956,Xno-Huayab,Chacsinkín,Yucatán,31,16
97957,Xbox,Chacsinkín,Yucatán,31,16
97960,Tzucacab Centro,Tzucacab,Yucatán,31,98
97963,Ekbalam,Tzucacab,Yucatán,31,98
97963,Dzi,Tzucacab,Yucatán,31,98
97963,Kakalnah,Tzucacab,Yucatán,31,98
97963,Solidaridad,Tzucacab,Yucatán,31,98
97964,Bichcopo,Tzucacab,Yucatán,31,98
97964,Hobonil,Tzucacab,Yucatán,31,98
97964,Sacbecan,Tzucacab,Yucatán,31,98
97964,Noh-bec,Tzucacab,Yucatán,31,98
97964,Polhuaczil,Tzucacab,Yucatán,31,98
97965,Corral,Tzucacab,Yucatán,31,98
97965,Blanca Flor,Tzucacab,Yucatán,31,98
97965,El Escondido,Tzucacab,Yucatán,31,98
97965,Tigre Grande,Tzucacab,Yucatán,31,98
97966,La Esperanza,Tzucacab,Yucatán,31,98
97966,San Isidro,Tzucacab,Yucatán,31,98
97966,San Salvador Piste Akal,Tzucacab,Yucatán,31,98
97967,Caxaytuk,Tzucacab,Yucatán,31,98
97967,Thul,Tzucacab,Yucatán,31,98
97967,Lázaro Cárdenas,Tzucacab,Yucatán,31,98
97967,Emiliano Zapata,Tzucacab,Yucatán,31,98
97969,Catmís,Tzucacab,Yucatán,31,98
97970,Los Cedros,Tekax,Yucatán,31,79
97970,Villas Santa María,Tekax,Yucatán,31,79
97970,San Francisco,Tekax,Yucatán,31,79
97970,Villa Flores,Tekax,Yucatán,31,79
97970,Paraíso Tekax,Tekax,Yucatán,31,79
97970,Lázaro Cárdenas,Tekax,Yucatán,31,79
97970,Tekax de Álvaro Obregón,Tekax,Yucatán,31,79
97970,Benito Juárez,Tekax,Yucatán,31,79
97970,Francisco I Madero,Tekax,Yucatán,31,79
97970,Padre Eterno,Tekax,Yucatán,31,79
97970,Yocchenkax,Tekax,Yucatán,31,79
97970,Chunchucun,Tekax,Yucatán,31,79
97970,Chobenche,Tekax,Yucatán,31,79
97970,San Ignacio,Tekax,Yucatán,31,79
97970,Ermita,Tekax,Yucatán,31,79
97970,Fovissste (Módulo Social),Tekax,Yucatán,31,79
97970,Unidad Antigua,Tekax,Yucatán,31,79
97973,Kinil,Tekax,Yucatán,31,79
97973,Xaya,Tekax,Yucatán,31,79
97973,Penkuyut,Tekax,Yucatán,31,79
97973,Tixcuytun,Tekax,Yucatán,31,79
97974,Ticum,Tekax,Yucatán,31,79
97975,Kantemo,Tekax,Yucatán,31,79
97975,San Marcos,Tekax,Yucatán,31,79
97977,Kancab,Tekax,Yucatán,31,79
97977,Canek,Tekax,Yucatán,31,79
97977,Chacmultun,Tekax,Yucatán,31,79
97979,Manuel Cepeda Peraza,Tekax,Yucatán,31,79
97979,Alfonso Caso,Tekax,Yucatán,31,79
97980,Benito Juárez,Tekax,Yucatán,31,79
97980,San Agustín (Salvador Alvarado),Tekax,Yucatán,31,79
97980,San Pedro Zula,Tekax,Yucatán,31,79
97980,San Martín Hili,Tekax,Yucatán,31,79
97983,Chan Dzinup,Tekax,Yucatán,31,79
97983,Huntochac,Tekax,Yucatán,31,79
97983,Nuevo Popolá,Tekax,Yucatán,31,79
97983,Pocoboh,Tekax,Yucatán,31,79
97983,San Isidro Yaxche,Tekax,Yucatán,31,79
97983,San Salvador,Tekax,Yucatán,31,79
97983,Nueva Santa Cruz (Santa Cruz Cutzá),Tekax,Yucatán,31,79
97983,Mac-Yan (San Isidro Mac-Yan),Tekax,Yucatán,31,79
97984,Sacpukenhá,Tekax,Yucatán,31,79
97984,Becanchen,Tekax,Yucatán,31,79
97984,San Gaspar,Tekax,Yucatán,31,79
97984,San Diego Buenavista,Tekax,Yucatán,31,79
97985,Nohalal,Tekax,Yucatán,31,79
97986,Ayim,Tekax,Yucatán,31,79
97987,San Felipe Segundo,Tekax,Yucatán,31,79
97987,Mesatunich,Tekax,Yucatán,31,79
97987,San Rufino,Tekax,Yucatán,31,79
97987,San Pedro Xtokil,Tekax,Yucatán,31,79
97987,San Juan Tekax,Tekax,Yucatán,31,79
97989,Sudzal Chico,Tekax,Yucatán,31,79
97990,Akil Centro,Akil,Yucatán,31,3
